,Unnamed: 0,nu,diameter,v_init,p_init,density,g,Re,Eu,Fr,9,10,11,12,13,14,15,16,17,18,19,20,21,22,23,24,25,mu,1/Re
0,0,0.1,0.1,100.0,160000.0,0.0011,981,100.0,14545.454545454546,10.096375546923042,0.0,1.5738695373010425e-10,1.5221249261010428e-09,2.8182595146475364e-11,2.437161583657144e-12,0.010397540422650009,0.010397540422650248,-0.9668257054065243,-2.350988701644575e-38,2.9387358770557194e-39,1.3050608935997048e-54,0.0,-0.9668257054065263,0.0,0.0,0.0,-14139.491224846675,0.00011000000000000002,0.01
1,1,0.09244444444444444,0.095,165.43,120000.0,0.001125,981,170.00318509615386,3897.6261832938844,17.13633578015353,0.0,-2.334624438216082e-10,8.981482224612591e-11,-7.894407350050871e-12,-9.769962616701378e-13,0.006270984378219885,0.006270984378219696,-0.9378120103189675,0.0,-1.8367099231598238e-40,8.156630584998155e-56,6.117472938748616e-56,-0.9378120103189708,0.0,0.0,0.0,-3699.044576339573,0.000104,0.005882242732301749
2,2,0.08947368421052633,0.105,170.43,100000.0,0.00114,981,200.00461764705884,3019.973003442987,16.792559306309435,0.0,-1.1339817973521347e-12,5.532629909765774e-11,-1.0516865156517952e-12,6.679101716144942e-13,0.005257537437934736,0.0052575374379348035,-0.9217070100059416,-2.204051907791789e-39,0.0,1.0195788231247695e-54,3.823420586717885e-57,-0.9217070100059416,0.0,0.0,0.0,-2785.919091415289,0.00010200000000000001,0.0049998845614888
