,Unnamed: 0,nu,diameter,v_init,p_init,density,g,Re,Eu,Fr,9,10,11,12,13,14,15,16,17,18,19,20,21,22,23,24,25,mu,1/Re
0,0,0.0999999999999999,0.1,100.0,160000.0,0.0011,981,100.0,14545.454545454546,10.096375546923044,0.0,-5.404946447004622e-10,1.157702156362461e-09,8.237854842718663e-14,-3.2169822361538536e-11,0.0105263064069899,0.0105263064069906,-0.9759487442804434,-1.1754943508222875e-38,4.70197740328915e-38,0.0,-3.7520500690991516e-54,-0.975948744280428,0.0,0.0,0.0,-14127.228360601131,0.0001099999999999999,0.01
1,1,0.0924444444444444,0.095,165.43,120000.0,0.001125,981,170.00318509615386,3897.626183293884,17.13633578015353,0.0,-5.291704296972455e-10,8.627232261915195e-11,-1.2527044679355726e-10,-6.359357485052898e-13,0.0062573186787784,0.0062573186787783,-0.9814347865911184,0.0,0.0,0.0,-1.8220988733577423e-57,-0.9814347865911068,0.0,0.0,0.0,-3850.27921938931,0.00010399999999999994,0.005882242732301749
2,2,0.0894736842105263,0.105,170.43,100000.0,0.00114,981,200.00461764705884,3019.973003442987,16.792559306309435,0.0,-6.654338885470068e-11,9.967721092962734e-12,-4.4289037715028456e-11,-1.2505552149377765e-12,0.0058869382127345,0.0058869382127346,-0.9819759167396164,5.877471754111438e-39,7.346839692639297e-40,-3.2626522339992623e-55,-1.6313261169996311e-55,-0.9819759167396156,0.0,0.0,0.0,-2977.747494046893,0.00010199999999999999,0.0049998845614888
