Index,Angle,Porosity,Surface_Area,Permeability_X
1,0,61.80419922,6180,3.9701102
2,10,61.09313965,6426,3.5281894
3,20,61.13586426,6527,3.3340752
4,30,61.07940674,6342,3.334668
5,40,61.37542725,6079,3.50043
6,50,61.85150146,6046,3.5238106
7,60,61.7980957,6260,3.5099907
8,70,61.5737915,6387,3.592445
9,80,62.38555908,6187,3.6441338
10,90,61.80877686,6166,4.071204
11,100,61.12213135,6411,3.873822
12,110,61.09771729,6528,3.857875
13,120,61.08856201,6340,3.877784
14,130,61.37237549,6075,3.8680842
15,140,61.8637085,6043,4.1634226
16,150,61.78436279,6263,4.120446
17,160,61.63330078,6376,4.067409
18,170,62.40997314,6207,3.8378131
19,180,61.80877686,6144,3.9687817
20,190,61.15570068,6428,3.5208557
21,200,61.14044189,6514,3.2656832
22,210,61.08856201,6353,3.2521465
23,220,61.36016846,6073,3.428059
24,230,61.88354492,6035,3.4361122
25,240,61.74163818,6289,3.4221187
26,250,61.59362793,6376,3.5028799
27,260,62.3916626,6180,3.598538
28,270,61.80267334,6158,4.0632825
29,280,61.12365723,6441,3.876878
30,290,61.18164063,6511,3.8327672
31,300,61.07940674,6355,3.8261764
32,310,61.36169434,6076,3.8308225
33,320,61.87591553,6037,4.1200857
34,330,61.75537109,6286,4.0785937
35,340,61.53564453,6387,4.037325
36,350,62.3626709,6160,3.7994218
37,360,61.80419922,6180,3.9701102
38,0,68.5546875,4995,7.543496
39,10,68.78662109,5110,7.413278
40,20,69.03076172,5137,7.5732474
41,30,68.76220703,5032,8.068145
42,40,69.13452148,4831,8.082825
43,50,69.29779053,4798,8.176099
44,60,68.82019043,5034,8.172657
45,70,68.29833984,5131,8.108343
46,80,68.74237061,4995,8.339203
47,90,68.52722168,4999,8.600572
48,100,68.84613037,5085,8.424275
49,110,69.0322876,5124,8.329163
50,120,68.82171631,5021,7.735897
51,130,69.1619873,4822,7.13174
52,140,69.33441162,4805,6.913829
53,150,68.82171631,5037,6.9320297
54,160,68.36242676,5114,6.8869076
55,170,68.7789917,5001,6.9028974
56,180,68.51501465,5004,7.526895
57,190,68.83239746,5108,7.4054413
58,200,69.10095215,5115,7.5911164
59,210,68.83850098,5019,8.085409
60,220,69.15893555,4822,8.148155
61,230,69.32067871,4798,8.1066475
62,240,68.79272461,5052,8.131892
63,250,68.29833984,5117,8.030004
64,260,68.71795654,4991,8.2486
65,270,68.54095459,5000,8.602977
66,280,68.77746582,5131,8.456931
67,290,69.10247803,5128,8.376923
68,300,68.7789917,5030,7.7489243
69,310,69.13299561,4830,7.149917
70,320,69.28863525,4790,6.9458437
71,330,68.78967285,5049,6.928187
72,340,68.23577881,5134,6.8964458
73,350,68.67523193,4984,6.8897038
74,360,68.5546875,4995,7.543496
75,0,73.28491211,4242,12.049756
76,10,72.95837402,4482,11.40857
77,20,72.83935547,4517,11.321994
78,30,73.14605713,4318,11.947537
79,40,73.40240479,4239,12.21516
80,50,73.89373779,4190,12.711381
81,60,73.15826416,4380,12.21369
82,70,73.00415039,4372,12.104934
83,80,73.41156006,4325,12.335853
84,90,73.28796387,4242,12.703329
85,100,73.00567627,4461,11.529591
86,110,72.8225708,4517,11.205143
87,120,73.17352295,4304,10.981363
88,130,73.4664917,4220,10.377133
89,140,73.99902344,4188,10.488886
90,150,73.1262207,4388,10.663551
91,160,73.05908203,4370,10.910145
92,170,73.45428467,4306,11.207737
93,180,73.2711792,4246,12.042145
94,190,72.99499512,4471,11.3580065
95,200,72.86834717,4510,11.252211
96,210,73.15979004,4306,11.936551
97,220,73.45581055,4210,12.180511
98,230,74.01123047,4185,12.648333
99,240,73.07434082,4404,12.16527
100,250,72.96905518,4375,11.997252
101,260,73.3581543,4310,12.366954
102,270,73.26812744,4246,12.64751
103,280,72.94769287,4492,11.533381
104,290,72.88665771,4510,11.228588
105,300,73.13232422,4320,10.9037285
106,310,73.39172363,4229,10.412765
107,320,73.91052246,4186,10.48893
108,330,73.1048584,4396,10.656188
109,340,72.91717529,4377,10.929065
110,350,73.30780029,4328,11.255883
111,360,73.28491211,4242,12.049756
112,0,57.31658936,5054,5.5497446
113,10,57.62176514,5125,5.1201453
114,20,57.91778564,5098,5.4906144
115,30,58.41217041,5064,5.85515
116,40,58.12530518,4989,5.2549944
117,50,57.61108398,5035,5.208429
118,60,56.96868896,5151,4.9148636
119,70,58.85925293,5101,5.091663
120,80,59.10491943,5103,4.920359
121,90,57.26623535,5087,4.5676904
122,100,57.64160156,5118,4.5905347
123,110,57.99865723,5088,4.7144156
124,120,58.44421387,5051,4.5739007
125,130,58.16802979,5008,5.264463
126,140,57.60803223,5035,5.356643
127,150,56.98394775,5161,5.4218993
128,160,58.84399414,5117,6.0658307
129,170,59.12780762,5097,5.938506
130,180,57.40203857,5079,5.484631
131,190,57.65380859,5108,4.9974537
132,200,57.93762207,5102,5.4395876
133,210,58.44421387,5059,5.774788
134,220,58.26263428,5000,5.1402984
135,230,57.63244629,5016,5.15886
136,240,57.00073242,5166,4.857765
137,250,58.83483887,5121,5.0367923
138,260,59.15222168,5105,4.866275
139,270,57.4508667,5046,4.486223
140,280,57.63549805,5115,4.5693364
141,290,57.86132813,5112,4.670893
142,300,58.41064453,5072,4.560901
143,310,58.22296143,4981,5.2919116
144,320,57.63397217,5016,5.394992
145,330,56.98547363,5158,5.3898983
146,340,58.8470459,5105,6.0995073
147,350,59.12780762,5111,5.9539313
148,360,57.31658936,5054,5.5497446
149,0,64.27612305,4206,9.755388
150,10,64.81933594,4344,9.171373
151,20,64.02587891,4348,8.054433
152,30,63.89770508,4348,8.250103
153,40,63.83514404,4221,7.3759995
154,50,63.80004883,4290,7.9621954
155,60,63.69781494,4324,8.2302
156,70,64.75372314,4307,8.863839
157,80,65.19775391,4294,8.8269005
158,90,64.24713135,4224,9.282727
159,100,64.83764648,4338,9.826954
160,110,64.05792236,4343,9.896723
161,120,63.8885498,4341,9.556158
162,130,63.8458252,4239,9.670215
163,140,63.78173828,4291,9.516721
164,150,63.7298584,4327,9.778221
165,160,64.81170654,4309,9.637863
166,170,65.16876221,4299,9.971088
167,180,64.31732178,4218,9.694546
168,190,64.81781006,4332,9.159288
169,200,64.05334473,4352,8.141482
170,210,63.91296387,4337,8.362555
171,220,63.86871338,4225,7.3864384
172,230,63.70544434,4285,7.8968883
173,240,63.76953125,4329,8.152319
174,250,64.7857666,4305,8.844884
175,260,65.22369385,4293,8.867902
176,270,64.34631348,4200,9.294769
177,280,64.80102539,4338,9.897419
178,290,64.01977539,4357,9.905918
179,300,63.92211914,4344,9.575157
180,310,63.85955811,4207,9.6550865
181,320,63.722229,4284,9.558806
182,330,63.74053955,4326,9.802583
183,340,64.72625732,4303,9.698332
184,350,65.25268555,4288,10.030945
185,360,64.27612305,4206,9.755388
186,0,68.78967285,3790,11.266631
187,10,69.52514648,3867,11.243673
188,20,69.18640137,3899,11.77378
189,30,69.14825439,3907,13.205577
190,40,69.49768066,3739,14.265855
191,50,69.52362061,3746,14.285568
192,60,68.46923828,3833,13.407839
193,70,69.63348389,3878,13.71315
194,80,69.82269287,3801,14.047845
195,90,68.76373291,3814,14.917215
196,100,69.57702637,3850,13.520541
197,110,69.16503906,3899,12.802943
198,120,69.10705566,3908,12.76679
199,130,69.54040527,3749,12.417239
200,140,69.51599121,3749,11.888975
201,150,68.51654053,3827,12.134562
202,160,69.67926025,3878,10.833657
203,170,69.81964111,3793,11.238953
204,180,68.79272461,3811,11.106153
205,190,69.57092285,3848,11.081427
206,200,69.17877197,3895,11.724663
207,210,69.10858154,3894,13.2914
208,220,69.57397461,3732,14.290322
209,230,69.46563721,3742,14.332952
210,240,68.59741211,3836,13.393565
211,250,69.74639893,3856,13.680637
212,260,69.81658936,3787,13.998774
213,270,68.81866455,3787,14.912021
214,280,69.52362061,3864,13.436866
215,290,69.20471191,3895,12.884599
216,300,69.14978027,3893,13.062175
217,310,69.53125,3722,12.451709
218,320,69.4732666,3739,11.894973
219,330,68.55316162,3842,11.993303
220,340,69.69909668,3856,10.941978
221,350,69.82269287,3795,11.33691
222,360,68.78967285,3790,11.266631
223,0,55.67474365,4314,7.0069866
224,10,56.34460449,4544,6.88253
225,20,56.89544678,4384,7.2230477
226,30,56.1920166,4390,8.534649
227,40,56.89086914,4265,8.558726
228,50,55.9387207,4243,7.7110815
229,60,56.74133301,4286,7.535231
230,70,57.71789551,4316,7.5434847
231,80,57.26928711,4375,6.8039827
232,90,55.62591553,4336,6.9967966
233,100,56.3949585,4535,6.2070155
234,110,56.9152832,4387,6.301545
235,120,56.11572266,4399,5.921792
236,130,56.9519043,4283,5.7468004
237,140,56.0256958,4236,5.6721687
238,150,56.80084229,4287,5.7200675
239,160,57.6385498,4324,7.5521007
240,170,57.37762451,4377,7.4535713
241,180,55.69152832,4354,6.8436675
242,190,56.37207031,4525,6.734443
243,200,56.86187744,4404,7.038017
244,210,56.12792969,4394,8.525947
245,220,56.95343018,4275,8.403907
246,230,55.96313477,4241,7.6697884
247,240,56.76574707,4294,7.4668407
248,250,57.62176514,4324,7.4382544
249,260,57.36694336,4390,6.756842
250,270,55.74035645,4332,6.913679
251,280,56.31866455,4535,6.1426144
252,290,56.84509277,4401,6.241926
253,300,56.20574951,4385,5.826958
254,310,56.8939209,4257,5.7281814
255,320,55.87310791,4245,5.6444116
256,330,56.70776367,4293,5.5456433
257,340,57.69805908,4316,7.535608
258,350,57.26318359,4386,7.3370337
259,360,55.67474365,4314,7.0069866
260,0,59.87243652,3868,9.878706
261,10,60.22033691,3963,9.393844
262,20,60.26763916,4051,8.775439
263,30,59.19647217,4093,8.481504
264,40,60.18981934,3941,8.613606
265,50,59.95941162,3894,8.45705
266,60,59.68170166,3945,8.314631
267,70,60.81390381,3934,8.9478
268,80,60.79101563,3998,9.864814
269,90,59.78851318,3880,10.4568615
270,100,60.31188965,3964,9.116805
271,110,60.1852417,4043,9.169219
272,120,59.11407471,4097,9.010955
273,130,60.21270752,3961,9.174851
274,140,60.0402832,3914,8.113756
275,150,59.75189209,3939,8.598746
276,160,60.62774658,3951,8.133551
277,170,60.78796387,4010,9.798462
278,180,59.78088379,3898,9.829292
279,190,60.26000977,3959,9.408626
280,200,60.12420654,4045,8.843557
281,210,59.09729004,4098,8.519401
282,220,60.26611328,3950,8.629751
283,230,59.97467041,3918,8.532812
284,240,59.76867676,3937,8.40149
285,250,60.70251465,3948,8.904236
286,260,60.81085205,4012,9.813218
287,270,59.86328125,3886,10.336127
288,280,60.16693115,3959,9.058603
289,290,60.206604,4053,9.208977
290,300,59.1796875,4094,8.991312
291,310,60.2432251,3930,9.195199
292,320,59.89227295,3898,8.143406
293,330,59.70001221,3943,8.754864
294,340,60.887146,3931,8.277418
295,350,60.82000732,3998,9.737613
296,360,59.87243652,3868,9.878706
297,0,65.2923584,3488,14.750353
298,10,65.95458984,3572,14.3965225
299,20,66.31317139,3575,14.060077
300,30,65.46478271,3554,13.820134
301,40,65.58227539,3512,13.922169
302,50,64.98260498,3515,13.184327
303,60,64.81170654,3601,12.670501
304,70,65.39611816,3586,12.651111
305,80,65.57922363,3632,14.081573
306,90,65.21453857,3498,14.653179
307,100,66.0446167,3570,14.217059
308,110,66.24145508,3569,14.183701
309,120,65.40527344,3557,13.924952
310,130,65.61279297,3529,13.601892
311,140,65.01617432,3526,12.957195
312,150,64.87121582,3585,13.097529
313,160,65.26641846,3606,12.742572
314,170,65.60974121,3662,14.213777
315,180,65.28015137,3512,14.684101
316,190,66.04156494,3563,14.348604
317,200,66.2109375,3574,13.997328
318,210,65.43731689,3554,14.011037
319,220,65.625,3520,13.884768
320,230,64.92767334,3531,13.275598
321,240,64.83306885,3594,12.798047
322,250,65.3503418,3604,12.652936
323,260,65.59448242,3681,13.976498
324,270,65.35644531,3502,14.540106
325,280,65.95306396,3565,14.203795
326,290,66.28417969,3580,14.325935
327,300,65.49682617,3551,14.055152
328,310,65.59448242,3503,13.7074795
329,320,64.89105225,3520,12.931516
330,330,64.77508545,3610,13.108067
331,340,65.48156738,3584,12.810752
332,350,65.56396484,3649,14.198315
333,360,65.2923584,3488,14.750353
334,0,56.23016357,3275,8.313983
335,10,55.1940918,3409,8.337171
336,20,54.4708252,3419,10.671315
337,30,54.97436523,3413,11.209427
338,40,55.22613525,3407,13.1912155
339,50,55.06591797,3425,14.150846
340,60,53.41033936,3460,14.14397
341,70,54.6081543,3447,10.646769
342,80,55.39855957,3406,10.467281
343,90,56.29730225,3286,10.772431
344,100,55.15594482,3406,10.8077545
345,110,54.5135498,3422,10.6029
346,120,54.98504639,3418,10.498995
347,130,55.21392822,3409,7.7600174
348,140,54.96063232,3437,8.019804
349,150,53.47900391,3476,7.6942368
350,160,54.61273193,3475,8.176293
351,170,55.34362793,3410,7.9682994
352,180,56.16912842,3295,8.443832
353,190,55.08422852,3413,8.489297
354,200,54.54711914,3431,10.709093
355,210,54.98352051,3401,11.148867
356,220,55.27648926,3425,13.128042
357,230,54.92858887,3437,14.034812
358,240,53.37677002,3480,14.041541
359,250,54.52575684,3481,10.491113
360,260,55.2947998,3412,10.330845
361,270,56.09893799,3284,10.615652
362,280,55.12542725,3416,10.7286005
363,290,54.49829102,3427,10.378299
364,300,54.97283936,3396,10.558178
365,310,55.29022217,3422,7.6796284
366,320,55.03387451,3425,7.787407
367,330,53.30657959,3464,7.44415
368,340,54.51812744,3453,8.0165825
369,350,55.3527832,3408,7.875466
370,360,56.23016357,3275,8.313983
371,0,55.77697754,3246,8.031104
372,10,53.94287109,3474,7.8393216
373,20,53.39355469,3440,8.739311
374,30,53.74450684,3502,8.437676
375,40,54.69665527,3437,9.715124
376,50,54.97283936,3367,13.207304
377,60,53.48358154,3342,13.689502
378,70,54.90570068,3299,14.274846
379,80,55.97839355,3337,15.129414
380,90,55.86547852,3231,15.180835
381,100,53.96270752,3465,15.593758
382,110,53.45306396,3443,14.39929
383,120,53.75518799,3507,13.912998
384,130,54.63104248,3442,9.923112
385,140,54.9118042,3378,9.097963
386,150,53.63922119,3354,8.585486
387,160,54.8614502,3318,8.777012
388,170,55.87615967,3341,8.409699
389,180,55.70373535,3242,8.1674595
390,190,53.91235352,3468,7.996131
391,200,53.53240967,3456,8.867807
392,210,53.71551514,3491,8.505875
393,220,54.64172363,3460,10.042852
394,230,54.86907959,3377,13.296697
395,240,53.53088379,3356,13.813879
396,250,54.77142334,3322,14.505931
397,260,55.80291748,3344,15.260121
398,270,55.61523438,3257,15.19302
399,280,53.89556885,3477,15.828473
400,290,53.46832275,3452,14.281099
401,300,53.70483398,3486,14.252202
402,310,54.70733643,3454,10.138977
403,320,54.93164063,3366,8.9750185
404,330,53.37371826,3344,8.35193
405,340,54.81262207,3303,8.622952
406,350,55.909729,3341,8.32417
407,360,55.77697754,3246,8.031104
408,0,62.57781982,2992,17.536953
409,10,62.15820313,3058,17.468512
410,20,61.69891357,3052,16.26892
411,30,61.05957031,3110,14.628269
412,40,60.82611084,3042,17.688921
413,50,59.5703125,3100,18.377697
414,60,58.63952637,3149,14.601106
415,70,59.86785889,3126,15.9629135
416,80,61.328125,3117,17.354282
417,90,62.6663208,2982,17.490002
418,100,62.08343506,3060,18.216042
419,110,61.71417236,3053,19.611258
420,120,61.10229492,3103,19.265602
421,130,60.76660156,3047,15.887577
422,140,59.52758789,3111,14.570367
423,150,58.81500244,3152,13.89989
424,160,59.92889404,3143,15.547659
425,170,61.27319336,3123,16.121489
426,180,62.4710083,2994,17.755589
427,190,61.99798584,3061,17.57826
428,200,61.74926758,3056,16.30341
429,210,61.12213135,3090,14.705164
430,220,60.8001709,3065,17.703173
431,230,59.47113037,3111,18.249758
432,240,58.66546631,3155,14.82923
433,250,59.80987549,3148,15.979413
434,260,61.13128662,3126,17.154942
435,270,62.37945557,3004,17.165022
436,280,62.07427979,3059,18.330132
437,290,61.73248291,3055,19.380503
438,300,61.08093262,3097,19.70972
439,310,60.8581543,3059,15.884028
440,320,59.51385498,3100,14.289578
441,330,58.48846436,3152,13.765739
442,340,59.74121094,3131,15.378067
443,350,61.18774414,3121,15.842014
444,360,62.57781982,2992,17.536953
445,0,44.77996826,3160,4.9385366
446,10,45.10650635,3153,5.2432075
447,20,44.58770752,3045,5.1464667
448,30,45.64056396,3012,5.6765094
449,40,46.22802734,2808,5.156453
450,50,44.02160645,2931,4.447477
451,60,43.45855713,3067,4.95545
452,70,44.68536377,3128,4.991515
453,80,45.21484375,3112,4.721963
454,90,44.79064941,3152,4.238845
455,100,45.14160156,3170,4.3693147
456,110,44.58465576,3046,3.3299427
457,120,45.75500488,3009,3.2088275
458,130,46.29516602,2788,4.704366
459,140,43.93615723,2907,5.1018205
460,150,43.39904785,3062,4.4054403
461,160,44.7265625,3128,4.2109385
462,170,45.22399902,3117,4.539704
463,180,44.79064941,3151,4.748841
464,190,45.1461792,3159,5.1180735
465,200,44.51141357,3051,5.0540466
466,210,45.66040039,3015,5.608026
467,220,46.1807251,2807,5.1267653
468,230,43.80950928,2913,4.470912
469,240,43.3303833,3058,5.058124
470,250,44.79064941,3117,5.0843444
471,260,45.2255249,3138,4.8613296
472,270,44.77996826,3159,4.4088326
473,280,45.11566162,3142,4.4576964
474,290,44.51141357,3050,3.3579836
475,300,45.54443359,3018,3.0619805
476,310,46.11206055,2827,4.6741595
477,320,43.89343262,2936,5.200657
478,330,43.39141846,3063,4.5659304
479,340,44.7479248,3117,4.415811
480,350,45.22247314,3135,4.702709
481,360,44.77996826,3160,4.9385366
482,0,50.02288818,2758,10.668842
483,10,50.19226074,2815,9.493653
484,20,49.61090088,2751,9.004545
485,30,49.99542236,2742,12.517979
486,40,50.10681152,2560,11.099876
487,50,48.52752686,2650,7.986764
488,60,48.62670898,2727,6.0295043
489,70,50.10223389,2795,5.619163
490,80,50.52337646,2742,5.400701
491,90,49.92675781,2758,5.44217
492,100,50.17089844,2838,5.7832193
493,110,49.6307373,2750,4.9344335
494,120,50.16174316,2738,4.5043135
495,130,50.22735596,2536,7.297067
496,140,48.43292236,2632,7.9432254
497,150,48.5824585,2693,8.799114
498,160,50.19378662,2792,9.381793
499,170,50.60119629,2743,10.325905
500,180,49.96490479,2757,10.643299
501,190,50.17547607,2827,9.3679085
502,200,49.559021,2755,8.9339695
503,210,50.06713867,2744,12.773966
504,220,50.11291504,2555,10.892539
505,230,48.30322266,2636,8.406195
506,240,48.52142334,2697,6.2680683
507,250,50.29449463,2786,5.625887
508,260,50.68359375,2762,5.4149046
509,270,50.06103516,2757,5.442515
510,280,50.20141602,2804,5.7433014
511,290,49.53460693,2756,4.7934513
512,300,49.89929199,2748,4.2294135
513,310,49.99084473,2579,7.0994635
514,320,48.39630127,2654,7.987403
515,330,48.56567383,2731,8.809804
516,340,50.20141602,2789,9.4219885
517,350,50.61035156,2763,10.157346
518,360,50.02288818,2758,10.668842
519,0,53.89709473,2546,20.346264
520,10,53.34014893,2614,17.574701
521,20,51.35345459,2581,13.965079
522,30,51.07421875,2587,15.461712
523,40,51.99279785,2405,16.79914
524,50,51.44958496,2462,17.097992
525,60,52.25524902,2484,17.51989
526,70,54.78515625,2527,18.972486
527,80,54.95605469,2447,18.018358
528,90,53.80096436,2546,18.273804
529,100,53.31878662,2637,15.972665
530,110,51.37329102,2580,12.069427
531,120,51.15814209,2584,12.591639
532,130,52.03704834,2381,12.9936905
533,140,51.30767822,2446,12.91151
534,150,52.16064453,2480,17.722832
535,160,54.83093262,2524,19.00696
536,170,55.00335693,2449,19.771751
537,180,53.80249023,2547,20.27156
538,190,53.32183838,2624,17.038544
539,200,51.28326416,2584,13.768762
540,210,51.01013184,2589,15.310971
541,220,51.93786621,2399,16.697784
542,230,51.19171143,2449,17.183027
543,240,52.11791992,2483,17.56948
544,250,54.97589111,2518,19.004158
545,260,55.13153076,2481,18.069082
546,270,53.89862061,2547,18.383749
547,280,53.34777832,2601,16.225845
548,290,51.26037598,2585,12.262385
549,300,50.9262085,2592,12.906973
550,310,51.89208984,2423,13.2372875
551,320,51.33209229,2465,13.321532
552,330,52.21252441,2487,18.287525
553,340,54.92858887,2521,19.235998
554,350,55.09033203,2481,19.923626
555,360,53.89709473,2546,20.346264
556,0,60.86273193,6377,3.5969737
557,10,60.17456055,6595,3.2480774
558,20,60.21728516,6694,3.0990443
559,30,60.09521484,6537,3.0995495
560,40,60.40802002,6288,3.3071613
561,50,60.91156006,6245,3.3324056
562,60,60.95581055,6478,3.2102919
563,70,60.35766602,6685,3.1054294
564,80,61.46087646,6415,3.3370116
565,90,60.86883545,6361,3.9387717
566,100,60.20355225,6580,3.7508583
567,110,60.17913818,6695,3.719313
568,120,60.10437012,6535,3.7272108
569,130,60.40496826,6284,3.6531909
570,140,60.94207764,6242,3.8008027
571,150,60.94818115,6481,3.6418056
572,160,60.4385376,6670,3.488555
573,170,61.4944458,6434,3.4759974
574,180,60.87341309,6336,3.6164467
575,190,60.23712158,6597,3.2479453
576,200,60.21575928,6691,3.0456407
577,210,60.09979248,6549,3.0245523
578,220,60.43548584,6275,3.238437
579,230,60.97412109,6227,3.2464688
580,240,60.91156006,6499,3.124714
581,250,60.41412354,6675,3.0757751
582,260,61.51733398,6401,3.3735964
583,270,60.86730957,6350,3.9230945
584,280,60.20507813,6610,3.74285
585,290,60.25695801,6688,3.6793258
586,300,60.09063721,6551,3.666414
587,310,60.43701172,6278,3.6125476
588,320,60.94818115,6229,3.7900496
589,330,60.91918945,6496,3.618893
590,340,60.33477783,6690,3.4684386
591,350,61.47918701,6382,3.4559436
592,360,60.86273193,6377,3.5969737
593,0,66.88690186,5324,6.054184
594,10,67.16003418,5432,6.104449
595,20,67.33856201,5466,6.259684
596,30,67.11120605,5353,6.7550006
597,40,67.60559082,5106,6.975401
598,50,67.7230835,5098,7.0737586
599,60,67.29431152,5348,7.180714
600,70,66.80908203,5442,6.990566
601,80,67.19055176,5312,7.160665
602,90,66.86096191,5326,7.3882704
603,100,67.21954346,5407,6.9726663
604,110,67.34008789,5453,6.60079
605,120,67.15393066,5344,6.339252
606,130,67.63305664,5097,6.0741415
607,140,67.77801514,5105,5.7875886
608,150,67.32025146,5348,5.735848
609,160,66.89453125,5423,5.7314353
610,170,67.25006104,5316,5.655372
611,180,66.85638428,5324,6.131749
612,190,67.17529297,5451,6.1258006
613,200,67.40875244,5444,6.238893
614,210,67.17071533,5342,6.749105
615,220,67.63000488,5097,7.006769
616,230,67.74597168,5100,6.9813886
617,240,67.29125977,5363,7.1240945
618,250,66.83197021,5425,6.886503
619,260,67.18902588,5306,7.043345
620,270,66.88232422,5320,7.3617196
621,280,67.12036133,5474,6.9054327
622,290,67.41027832,5457,6.5925164
623,300,67.12799072,5351,6.358267
624,310,67.60406494,5105,6.0350623
625,320,67.69561768,5092,5.7713466
626,330,67.26379395,5363,5.702001
627,340,66.746521,5445,5.694583
628,350,67.12341309,5301,5.5886393
629,360,66.88690186,5324,6.054184
630,0,73.10791016,4294,11.862444
631,10,72.78594971,4540,11.2978
632,20,72.61505127,4583,11.225062
633,30,72.85003662,4388,11.787847
634,40,73.06976318,4308,11.934957
635,50,73.55957031,4258,12.241366
636,60,72.82409668,4453,11.788839
637,70,72.57080078,4478,11.546457
638,80,73.17504883,4389,12.21406
639,90,73.097229,4298,12.57045
640,100,72.80273438,4523,11.436452
641,110,72.56469727,4586,11.086565
642,120,72.86224365,4376,10.757251
643,130,73.1338501,4289,10.062026
644,140,73.66485596,4256,10.207848
645,150,72.79205322,4461,10.367935
646,160,72.64251709,4475,10.655751
647,170,73.21777344,4370,10.988582
648,180,73.08044434,4302,11.854592
649,190,72.79205322,4533,11.255019
650,200,72.61047363,4579,11.165059
651,210,72.84851074,4378,11.784409
652,220,73.12316895,4279,11.9124
653,230,73.67706299,4253,12.212668
654,240,72.74017334,4477,11.760407
655,250,72.55859375,4480,11.518294
656,260,73.13842773,4373,12.260116
657,270,73.09112549,4298,12.520022
658,280,72.77526855,4550,11.468535
659,290,72.66235352,4576,11.125776
660,300,72.83630371,4390,10.6841
661,310,73.05908203,4298,10.114641
662,320,73.57635498,4254,10.190443
663,330,72.77069092,4469,10.347704
664,340,72.4899292,4483,10.655686
665,350,73.08807373,4391,10.989792
666,360,73.10791016,4294,11.862444
667,0,56.13861084,5246,5.007036
668,10,56.48803711,5316,4.579139
669,20,56.93664551,5300,4.93099
670,30,57.06176758,5264,4.9772797
671,40,57.08770752,5168,5.063131
672,50,56.72912598,5173,4.9698243
673,60,55.96160889,5330,4.3346834
674,70,57.68127441,5293,4.3793216
675,80,57.91931152,5297,4.20061
676,90,56.08825684,5279,4.1031504
677,100,56.48956299,5309,4.1048203
678,110,57.01904297,5291,4.4244943
679,120,57.09381104,5251,4.344302
680,130,57.13043213,5187,4.765191
681,140,56.72302246,5180,4.7712708
682,150,55.95245361,5343,4.8821335
683,160,57.66601563,5309,5.342103
684,170,57.94219971,5291,5.201596
685,180,56.22406006,5271,4.942692
686,190,56.50177002,5299,4.47484
687,200,56.95800781,5305,4.9158654
688,210,57.09381104,5259,4.857491
689,220,57.19604492,5180,4.9637556
690,230,56.74743652,5161,4.9176087
691,240,55.96923828,5348,4.3222866
692,250,57.65686035,5313,4.406943
693,260,57.96661377,5299,4.240314
694,270,56.27288818,5238,4.0898757
695,280,56.50177002,5306,4.1410937
696,290,56.88018799,5314,4.399187
697,300,57.0602417,5272,4.3685565
698,310,57.15637207,5161,4.8358026
699,320,56.75201416,5154,4.8482018
700,330,55.97839355,5337,4.8776736
701,340,57.67059326,5297,5.3851557
702,350,57.94219971,5305,5.2110987
703,360,56.13861084,5246,5.007036
704,0,63.03253174,4370,8.725919
705,10,63.59710693,4508,8.375653
706,20,63.05389404,4537,7.6393194
707,30,62.72583008,4533,7.3445635
708,40,63.00048828,4362,7.203549
709,50,63.1072998,4409,7.741389
710,60,62.86468506,4468,7.9819293
711,70,63.59558105,4476,8.549316
712,80,63.95111084,4461,8.408887
713,90,63.00354004,4388,8.702753
714,100,63.61541748,4502,9.051852
715,110,63.10882568,4527,9.139534
716,120,62.7166748,4526,8.86614
717,130,63.01116943,4380,8.972487
718,140,63.08898926,4410,8.721076
719,150,62.89672852,4471,8.82774
720,160,63.65356445,4478,8.432085
721,170,63.92211914,4466,8.460418
722,180,63.07373047,4382,8.71906
723,190,63.61541748,4496,8.406257
724,200,63.1362915,4533,7.779046
725,210,62.75787354,4516,7.398362
726,220,63.00506592,4367,7.2170243
727,230,63.02642822,4390,7.683606
728,240,62.96539307,4471,7.915809
729,250,63.65661621,4472,8.532934
730,260,63.97705078,4460,8.454977
731,270,63.10272217,4364,8.677891
732,280,63.59863281,4502,9.118831
733,290,63.07983398,4543,9.155497
734,300,62.76702881,4523,8.901738
735,310,62.99591064,4349,8.964923
736,320,63.04321289,4389,8.795119
737,330,62.93640137,4468,8.851713
738,340,63.59710693,4470,8.532352
739,350,64.00604248,4455,8.43289
740,360,63.03253174,4370,8.725919
741,0,67.64984131,3946,10.56952
742,10,68.3807373,4034,10.40476
743,20,68.01300049,4101,10.986669
744,30,68.09082031,4061,12.030245
745,40,68.43414307,3889,12.636891
746,50,68.53942871,3895,13.543285
747,60,67.77038574,3952,12.915361
748,70,68.49822998,4048,12.991
749,80,68.87664795,3976,13.230383
750,90,67.62390137,3970,13.923259
751,100,68.43261719,4017,12.637337
752,110,68.019104,4099,11.691964
753,120,68.04962158,4062,11.652741
754,130,68.47686768,3899,11.235622
755,140,68.51348877,3898,10.961535
756,150,67.80395508,3952,11.516494
757,160,68.54400635,4048,10.1104965
758,170,68.86444092,3966,10.53867
759,180,67.66662598,3967,10.476055
760,190,68.41278076,4029,10.264539
761,200,68.01300049,4095,10.97607
762,210,68.05114746,4048,12.107497
763,220,68.51043701,3882,12.728207
764,230,68.47686768,3890,13.612347
765,240,67.90618896,3964,12.895327
766,250,68.61419678,4025,12.946632
767,260,68.86138916,3960,13.19458
768,270,67.69256592,3943,13.875344
769,280,68.36547852,4045,12.443619
770,290,68.01147461,4097,11.764535
771,300,68.09234619,4047,11.912077
772,310,68.4677124,3872,11.308384
773,320,68.5043335,3887,10.996371
774,330,67.87567139,3964,11.433586
775,340,68.56689453,4025,10.250358
776,350,68.87664795,3970,10.634669
777,360,67.64984131,3946,10.56952
778,0,55.67474365,4314,7.0069866
779,10,56.34460449,4544,6.88253
780,20,56.89544678,4384,7.2230477
781,30,56.1920166,4390,8.534649
782,40,56.89086914,4265,8.558726
783,50,55.9387207,4243,7.7110815
784,60,56.74133301,4286,7.535231
785,70,57.71789551,4316,7.5434847
786,80,57.26928711,4375,6.8039827
787,90,55.62591553,4336,6.9967966
788,100,56.3949585,4535,6.2070155
789,110,56.9152832,4387,6.301545
790,120,56.11572266,4399,5.921792
791,130,56.9519043,4283,5.7468004
792,140,56.0256958,4236,5.6721687
793,150,56.80084229,4287,5.7200675
794,160,57.6385498,4324,7.5521007
795,170,57.37762451,4377,7.4535713
796,180,55.69152832,4354,6.8436675
797,190,56.37207031,4525,6.734443
798,200,56.86187744,4404,7.038017
799,210,56.12792969,4394,8.525947
800,220,56.95343018,4275,8.403907
801,230,55.96313477,4241,7.6697884
802,240,56.76574707,4294,7.4668407
803,250,57.62176514,4324,7.4382544
804,260,57.36694336,4390,6.756842
805,270,55.74035645,4332,6.913679
806,280,56.31866455,4535,6.1426144
807,290,56.84509277,4401,6.241926
808,300,56.20574951,4385,5.826958
809,310,56.8939209,4257,5.7281814
810,320,55.87310791,4245,5.6444116
811,330,56.70776367,4293,5.5456433
812,340,57.69805908,4316,7.535608
813,350,57.26318359,4386,7.3370337
814,360,55.67474365,4314,7.0069866
815,0,59.30328369,3932,9.547635
816,10,59.65118408,4029,9.191598
817,20,59.70001221,4117,8.62334
818,30,58.62731934,4158,8.376946
819,40,59.61914063,4003,8.421286
820,50,59.39178467,3957,8.204551
821,60,59.11254883,4010,8.061462
822,70,60.24169922,4000,8.536259
823,80,60.22033691,4064,9.174929
824,90,59.21936035,3944,9.6610365
825,100,59.74273682,4030,7.8640804
826,110,59.61761475,4109,7.7644663
827,120,58.54492188,4162,7.7512484
828,130,59.64202881,4023,7.755667
829,140,59.47265625,3977,7.145929
830,150,59.18273926,4004,7.9053245
831,160,60.05554199,4017,7.4733987
832,170,60.21728516,4076,9.377117
833,180,59.21173096,3962,9.517154
834,190,59.69085693,4025,9.215338
835,200,59.55657959,4111,8.693429
836,210,58.52813721,4163,8.421093
837,220,59.69543457,4012,8.448923
838,230,59.40704346,3981,8.28996
839,240,59.19952393,4002,8.150064
840,250,60.13031006,4014,8.495053
841,260,60.24017334,4078,9.156007
842,270,59.29412842,3950,9.569432
843,280,59.59777832,4025,7.835655
844,290,59.63897705,4119,7.8460774
845,300,58.61053467,4159,7.765255
846,310,59.67254639,3992,7.764552
847,320,59.324646,3961,7.169625
848,330,59.13085938,4008,8.061564
849,340,60.31494141,3997,7.612966
850,350,60.24932861,4064,9.309445
851,360,59.30328369,3932,9.547635
852,0,65.2923584,3488,14.750353
853,10,65.95458984,3572,14.3965225
854,20,66.31317139,3575,14.060077
855,30,65.46478271,3554,13.820134
856,40,65.58227539,3512,13.922169
857,50,64.98260498,3515,13.184327
858,60,64.81170654,3601,12.670501
859,70,65.39611816,3586,12.651111
860,80,65.57922363,3632,14.081573
861,90,65.21453857,3498,14.653179
862,100,66.0446167,3570,14.217059
863,110,66.24145508,3569,14.183701
864,120,65.40527344,3557,13.924952
865,130,65.61279297,3529,13.601892
866,140,65.01617432,3526,12.957195
867,150,64.87121582,3585,13.097529
868,160,65.26641846,3606,12.742572
869,170,65.60974121,3662,14.213777
870,180,65.28015137,3512,14.684101
871,190,66.04156494,3563,14.348604
872,200,66.2109375,3574,13.997328
873,210,65.43731689,3554,14.011037
874,220,65.625,3520,13.884768
875,230,64.92767334,3531,13.275598
876,240,64.83306885,3594,12.798047
877,250,65.3503418,3604,12.652936
878,260,65.59448242,3681,13.976498
879,270,65.35644531,3502,14.540106
880,280,65.95306396,3565,14.203795
881,290,66.28417969,3580,14.325935
882,300,65.49682617,3551,14.055152
883,310,65.59448242,3503,13.7074795
884,320,64.89105225,3520,12.931516
885,330,64.77508545,3610,13.108067
886,340,65.48156738,3584,12.810752
887,350,65.56396484,3649,14.198315
888,360,65.2923584,3488,14.750353
889,0,55.909729,3335,8.337551
890,10,54.43267822,3489,8.402282
891,20,53.54156494,3503,10.770048
892,30,54.03747559,3495,11.390367
893,40,54.54101563,3485,13.345835
894,50,54.79431152,3483,14.212833
895,60,53.34472656,3496,14.159455
896,70,54.58374023,3471,10.650545
897,80,55.29632568,3449,10.48488
898,90,55.93566895,3348,10.798986
899,100,54.35943604,3487,10.760183
900,110,53.58428955,3506,10.552552
901,120,54.04815674,3500,10.074572
902,130,54.52880859,3487,7.089488
903,140,54.68902588,3495,7.999603
904,150,53.41339111,3512,7.680009
905,160,54.58831787,3499,8.177652
906,170,55.24139404,3453,7.9789333
907,180,55.80749512,3357,8.472503
908,190,54.28771973,3494,8.56838
909,200,53.61785889,3515,10.820126
910,210,54.04663086,3483,11.330839
911,220,54.63409424,3499,13.271263
912,230,54.69818115,3491,14.086205
913,240,53.33709717,3508,14.053204
914,250,54.51812744,3493,10.493036
915,260,55.2230835,3452,10.343835
916,270,55.77850342,3344,10.655847
917,280,54.36401367,3496,10.665323
918,290,53.56903076,3511,10.324857
919,300,54.03594971,3478,10.149445
920,310,54.64782715,3496,6.9991603
921,320,54.8034668,3479,7.7613106
922,330,53.26690674,3492,7.4293113
923,340,54.51049805,3465,8.014717
924,350,55.28106689,3448,7.880881
925,360,55.909729,3335,8.337551
926,0,54.71343994,3334,7.0370398
927,10,52.87780762,3563,6.865062
928,20,52.33306885,3528,7.775371
929,30,52.68249512,3591,7.9154906
930,40,53.63616943,3523,9.187048
931,50,53.90930176,3453,11.525631
932,60,52.4230957,3429,11.716183
933,70,53.84521484,3388,12.462404
934,80,54.91638184,3426,12.272002
935,90,54.80194092,3319,11.57078
936,100,52.89764404,3554,11.146419
937,110,52.39257813,3531,9.655054
938,120,52.69317627,3596,9.624804
939,130,53.57055664,3528,7.6398263
940,140,53.8482666,3464,7.1603146
941,150,52.57873535,3441,6.8910966
942,160,53.79943848,3407,7.088019
943,170,54.81414795,3430,6.715402
944,180,54.64019775,3330,7.0692883
945,190,52.84729004,3557,6.981937
946,200,52.47192383,3544,7.880774
947,210,52.65350342,3580,7.950838
948,220,53.58123779,3546,9.4023285
949,230,53.80554199,3463,11.50766
950,240,52.47039795,3443,11.718165
951,250,53.70941162,3411,12.563663
952,260,54.74090576,3433,12.396618
953,270,54.55169678,3345,11.443317
954,280,52.83050537,3566,11.233718
955,290,52.40783691,3540,9.474614
956,300,52.64282227,3575,9.530776
957,310,53.64685059,3540,7.6739793
958,320,53.86810303,3452,6.9645586
959,330,52.31323242,3431,6.681863
960,340,53.75061035,3392,6.977453
961,350,54.84771729,3430,6.762724
962,360,54.71343994,3334,7.0370398
963,0,62.57781982,2992,17.536953
964,10,62.15820313,3058,17.468512
965,20,61.69891357,3052,16.26892
966,30,61.05957031,3110,14.628269
967,40,60.78796387,3062,17.692593
968,50,59.5703125,3100,18.377697
969,60,58.63952637,3149,14.601106
970,70,59.86785889,3126,15.9629135
971,80,61.328125,3117,17.354282
972,90,62.6663208,2982,17.490002
973,100,62.08343506,3060,18.216042
974,110,61.71417236,3053,19.611258
975,120,61.10229492,3103,19.265602
976,130,60.73455811,3065,15.865792
977,140,59.52758789,3111,14.570367
978,150,58.81500244,3152,13.89989
979,160,59.92889404,3143,15.547659
980,170,61.27319336,3123,16.121489
981,180,62.4710083,2994,17.755589
982,190,61.99798584,3061,17.57826
983,200,61.74926758,3056,16.30341
984,210,61.12213135,3090,14.705164
985,220,60.77880859,3080,17.702246
986,230,59.47113037,3111,18.249758
987,240,58.66546631,3155,14.82923
988,250,59.80987549,3148,15.979413
989,260,61.13128662,3126,17.154942
990,270,62.37945557,3004,17.165022
991,280,62.07427979,3059,18.330132
992,290,61.73248291,3055,19.380503
993,300,61.08093262,3097,19.70972
994,310,60.83221436,3076,15.848673
995,320,59.51385498,3100,14.289578
996,330,58.48846436,3152,13.765739
997,340,59.74121094,3131,15.378067
998,350,61.18774414,3121,15.842014
999,360,62.57781982,2992,17.536953
1000,0,44.77996826,3160,4.9385366
1001,10,45.10650635,3153,5.2432075
1002,20,44.58770752,3045,5.1464667
1003,30,45.64056396,3012,5.6765094
1004,40,46.22802734,2808,5.156453
1005,50,43.94226074,2960,4.4565053
1006,60,43.45855713,3067,4.95545
1007,70,44.41986084,3181,4.664009
1008,80,45.18432617,3142,4.722425
1009,90,44.79064941,3152,4.238845
1010,100,45.14160156,3170,4.3693147
1011,110,44.58465576,3046,3.3299427
1012,120,45.75500488,3009,3.2088275
1013,130,46.29516602,2788,4.704366
1014,140,43.87359619,2933,5.1151443
1015,150,43.39904785,3062,4.4054403
1016,160,44.42901611,3183,4.2324944
1017,170,45.19348145,3147,4.5367384
1018,180,44.79064941,3151,4.748841
1019,190,45.1461792,3159,5.1180735
1020,200,44.51141357,3051,5.0540466
1021,210,45.66040039,3015,5.608026
1022,220,46.1807251,2807,5.1267653
1023,230,43.75610352,2937,4.479656
1024,240,43.3303833,3058,5.058124
1025,250,44.5098877,3171,4.7710133
1026,260,45.21636963,3153,4.8609796
1027,270,44.77996826,3159,4.4088326
1028,280,45.11566162,3142,4.4576964
1029,290,44.51141357,3050,3.3579836
1030,300,45.54443359,3018,3.0619805
1031,310,46.11206055,2827,4.6741595
1032,320,43.82476807,2963,5.2059727
1033,330,43.39141846,3063,4.5659304
1034,340,44.49768066,3169,4.433013
1035,350,45.21331787,3150,4.7006073
1036,360,44.77996826,3160,4.9385366
1037,0,50.02288818,2758,10.668842
1038,10,50.19226074,2815,9.493653
1039,20,49.61090088,2751,9.004545
1040,30,49.99542236,2742,12.517979
1041,40,50.10681152,2560,11.099876
1042,50,48.52752686,2650,7.986764
1043,60,48.62670898,2727,6.0295043
1044,70,50.10223389,2795,5.619163
1045,80,50.52337646,2742,5.400701
1046,90,49.92675781,2758,5.44217
1047,100,50.17089844,2838,5.7832193
1048,110,49.6307373,2750,4.9344335
1049,120,50.16174316,2738,4.5043135
1050,130,50.22735596,2536,7.297067
1051,140,48.43292236,2632,7.9432254
1052,150,48.5824585,2693,8.799114
1053,160,50.19378662,2792,9.381793
1054,170,50.60119629,2743,10.325905
1055,180,49.96490479,2757,10.643299
1056,190,50.17547607,2827,9.3679085
1057,200,49.559021,2755,8.9339695
1058,210,50.06713867,2744,12.773966
1059,220,50.11291504,2555,10.892539
1060,230,48.30322266,2636,8.406195
1061,240,48.52142334,2697,6.2680683
1062,250,50.29449463,2786,5.625887
1063,260,50.68359375,2762,5.4149046
1064,270,50.06103516,2757,5.442515
1065,280,50.20141602,2804,5.7433014
1066,290,49.53460693,2756,4.7934513
1067,300,49.89929199,2748,4.2294135
1068,310,49.99084473,2579,7.0994635
1069,320,48.39630127,2654,7.987403
1070,330,48.56567383,2731,8.809804
1071,340,50.20141602,2789,9.4219885
1072,350,50.61035156,2763,10.157346
1073,360,50.02288818,2758,10.668842
1074,0,53.89709473,2546,20.346264
1075,10,53.34014893,2614,17.574701
1076,20,51.35345459,2581,13.965079
1077,30,51.07421875,2587,15.461712
1078,40,51.99279785,2405,16.79914
1079,50,51.44958496,2462,17.097992
1080,60,52.25524902,2484,17.51989
1081,70,54.78515625,2527,18.972486
1082,80,54.95605469,2447,18.018358
1083,90,53.80096436,2546,18.273804
1084,100,53.31878662,2637,15.972665
1085,110,51.37329102,2580,12.069427
1086,120,51.15814209,2584,12.591639
1087,130,52.03704834,2381,12.9936905
1088,140,51.30767822,2446,12.91151
1089,150,52.16064453,2480,17.722832
1090,160,54.83093262,2524,19.00696
1091,170,55.00335693,2449,19.771751
1092,180,53.80249023,2547,20.27156
1093,190,53.32183838,2624,17.038544
1094,200,51.28326416,2584,13.768762
1095,210,51.01013184,2589,15.310971
1096,220,51.93786621,2399,16.697784
1097,230,51.19171143,2449,17.183027
1098,240,52.11791992,2483,17.56948
1099,250,54.97589111,2518,19.004158
1100,260,55.13153076,2481,18.069082
1101,270,53.89862061,2547,18.383749
1102,280,53.34777832,2601,16.225845
1103,290,51.26037598,2585,12.262385
1104,300,50.9262085,2592,12.906973
1105,310,51.89208984,2423,13.2372875
1106,320,51.33209229,2465,13.321532
1107,330,52.21252441,2487,18.287525
1108,340,54.92858887,2521,19.235998
1109,350,55.09033203,2481,19.923626
1110,360,53.89709473,2546,20.346264
1111,0,60.34698486,6465,3.5286987
1112,10,59.6572876,6686,3.1979609
1113,20,59.70458984,6784,3.0371325
1114,30,59.41619873,6661,2.9491692
1115,40,59.86785889,6389,3.2481737
1116,50,60.39581299,6329,3.3079438
1117,60,60.43548584,6570,3.1722596
1118,70,59.84039307,6776,3.0319688
1119,80,60.85357666,6535,3.2382631
1120,90,60.35308838,6449,3.793828
1121,100,59.6862793,6671,3.6159952
1122,110,59.66644287,6785,3.5720134
1123,120,59.425354,6659,3.4603865
1124,130,59.84954834,6389,3.5099537
1125,140,60.42633057,6326,3.6219256
1126,150,60.41717529,6585,3.4700289
1127,160,59.92126465,6761,3.3486083
1128,170,60.887146,6555,3.336617
1129,180,60.35766602,6424,3.5577135
1130,190,59.71984863,6688,3.2080452
1131,200,59.70306396,6781,3.0062413
1132,210,59.42077637,6673,2.918252
1133,220,59.88006592,6380,3.1906335
1134,230,60.45837402,6311,3.2317
1135,240,60.3805542,6603,3.0997324
1136,250,59.89685059,6766,3.012165
1137,260,60.89324951,6524,3.278491
1138,270,60.3515625,6438,3.78924
1139,280,59.68780518,6701,3.6112983
1140,290,59.7442627,6778,3.532769
1141,300,59.41162109,6675,3.4272833
1142,310,59.89685059,6379,3.4802868
1143,320,60.43243408,6313,3.609637
1144,330,60.39886475,6588,3.4331067
1145,340,59.81750488,6781,3.3134582
1146,350,60.85510254,6504,3.3099174
1147,360,60.34698486,6465,3.5286987
1148,0,66.66564941,5364,5.8612614
1149,10,66.93725586,5480,5.882022
1150,20,66.94030762,5570,5.999259
1151,30,66.41693115,5483,6.2614503
1152,40,66.86553955,5232,6.2824473
1153,50,66.98608398,5224,6.448829
1154,60,66.47491455,5509,6.6710567
1155,70,66.4276123,5545,6.673583
1156,80,66.87774658,5385,6.986987
1157,90,66.63970947,5366,7.299785
1158,100,66.99676514,5455,6.900671
1159,110,66.92047119,5562,6.497041
1160,120,66.44287109,5475,6.091576
1161,130,66.89300537,5223,5.7062564
1162,140,67.04101563,5231,5.679231
1163,150,66.5145874,5509,5.626889
1164,160,66.52984619,5523,5.6471825
1165,170,66.93725586,5390,5.441342
1166,180,66.63513184,5364,5.9127536
1167,190,66.95556641,5493,5.888366
1168,200,67.00592041,5558,5.964768
1169,210,66.45965576,5473,6.2356796
1170,220,66.88995361,5223,6.2928247
1171,230,67.00897217,5226,6.361034
1172,240,66.50543213,5520,6.612992
1173,250,66.49017334,5523,6.5975223
1174,260,66.85943604,5382,6.897065
1175,270,66.66107178,5360,7.282022
1176,280,66.90063477,5516,6.848429
1177,290,67.02880859,5566,6.496262
1178,300,66.43371582,5481,6.1163025
1179,310,66.86401367,5231,5.664776
1180,320,66.95861816,5218,5.6446834
1181,330,66.4642334,5520,5.5901465
1182,340,66.38793945,5546,5.617487
1183,350,66.79382324,5376,5.405457
1184,360,66.66564941,5364,5.8612614
1185,0,72.94158936,4330,11.725764
1186,10,72.62115479,4577,11.16943
1187,20,72.44873047,4620,11.086779
1188,30,72.68066406,4425,11.651251
1189,40,72.9019165,4343,11.779908
1190,50,73.39477539,4293,12.088032
1191,60,72.65777588,4490,11.61685
1192,70,72.40447998,4515,11.326232
1193,80,73.00872803,4426,11.987512
1194,90,72.9309082,4334,12.357974
1195,100,72.63793945,4560,11.271712
1196,110,72.39837646,4623,10.920039
1197,120,72.69287109,4413,10.581522
1198,130,72.96600342,4324,9.921207
1199,140,73.50006104,4291,10.07688
1200,150,72.62573242,4498,10.221421
1201,160,72.47619629,4512,10.509992
1202,170,73.05145264,4407,10.852371
1203,180,72.91412354,4338,11.712927
1204,190,72.6272583,4570,11.123241
1205,200,72.44415283,4616,11.022111
1206,210,72.67913818,4415,11.641371
1207,220,72.95532227,4314,11.75235
1208,230,73.51226807,4288,12.055541
1209,240,72.57385254,4514,11.584347
1210,250,72.39227295,4517,11.2877245
1211,260,72.97210693,4410,12.0243
1212,270,72.92480469,4334,12.307394
1213,280,72.61047363,4587,11.301227
1214,290,72.49603271,4613,10.959461
1215,300,72.66693115,4427,10.511842
1216,310,72.89123535,4333,9.975521
1217,320,73.41156006,4289,10.05972
1218,330,72.60437012,4506,10.212266
1219,340,72.3236084,4520,10.514558
1220,350,72.92175293,4428,10.861551
1221,360,72.94158936,4330,11.725764
1222,0,55.46417236,5346,3.9332762
1223,10,55.5847168,5463,3.590948
1224,20,56.26373291,5402,3.9152532
1225,30,56.38122559,5365,4.147241
1226,40,56.41326904,5265,4.301455
1227,50,56.06536865,5270,4.369788
1228,60,55.28106689,5430,4.0511518
1229,70,57.00531006,5397,4.2182946
1230,80,57.24334717,5401,4.1292
1231,90,55.41381836,5379,4.083631
1232,100,55.56335449,5459,4.049803
1233,110,56.34613037,5393,4.3092904
1234,120,56.41326904,5352,4.140922
1235,130,56.45599365,5284,4.270495
1236,140,56.05926514,5277,4.2026186
1237,150,55.27191162,5443,4.133505
1238,160,56.99005127,5413,4.398057
1239,170,57.26623535,5395,4.1815405
1240,180,55.54962158,5371,3.9191513
1241,190,55.57250977,5450,3.5338063
1242,200,56.28509521,5407,3.9187791
1243,210,56.41326904,5360,4.034466
1244,220,56.52160645,5277,4.221277
1245,230,56.0836792,5258,4.3286104
1246,240,55.28869629,5448,4.042952
1247,250,56.980896,5417,4.2410007
1248,260,57.29064941,5403,4.173044
1249,270,55.59844971,5338,4.0656524
1250,280,55.59539795,5454,4.083688
1251,290,56.20727539,5416,4.2831345
1252,300,56.37969971,5373,4.15597
1253,310,56.48193359,5258,4.299421
1254,320,56.08825684,5251,4.236721
1255,330,55.29785156,5437,4.0920997
1256,340,56.99462891,5401,4.3919573
1257,350,57.26623535,5409,4.164545
1258,360,55.46417236,5346,3.9332762
1259,0,62.73803711,4418,8.077262
1260,10,63.07525635,4601,7.725794
1261,20,62.76092529,4585,7.0937057
1262,30,62.43133545,4579,6.9341245
1263,40,62.58392334,4444,6.9561763
1264,50,62.80670166,4455,7.512329
1265,60,62.57171631,4515,7.80139
1266,70,63.30108643,4523,8.417958
1267,80,63.65509033,4509,8.298382
1268,90,62.70904541,4436,8.669815
1269,100,63.07067871,4598,8.980813
1270,110,62.81585693,4575,9.036123
1271,120,62.42218018,4572,8.730339
1272,130,62.57171631,4463,8.701929
1273,140,62.78839111,4456,8.4151325
1274,150,62.60375977,4518,8.4719515
1275,160,63.35906982,4525,7.962542
1276,170,63.62609863,4514,7.892181
1277,180,62.77923584,4430,8.053851
1278,190,63.06762695,4593,7.734578
1279,200,62.84332275,4581,7.194304
1280,210,62.46337891,4562,6.989449
1281,220,62.56561279,4450,6.9636908
1282,230,62.72583008,4436,7.456493
1283,240,62.67242432,4518,7.7395287
1284,250,63.36212158,4519,8.403124
1285,260,63.68103027,4508,8.347276
1286,270,62.80822754,4412,8.647329
1287,280,63.07373047,4596,9.054412
1288,290,62.78686523,4591,9.062373
1289,300,62.47253418,4569,8.775885
1290,310,62.5793457,4431,8.708837
1291,320,62.74261475,4435,8.502508
1292,330,62.64343262,4515,8.511739
1293,340,63.3026123,4517,8.071311
1294,350,63.71002197,4503,7.8771205
1295,360,62.73803711,4418,8.077262
1296,0,67.35534668,3994,10.339586
1297,10,68.08624268,4083,10.200269
1298,20,67.71697998,4149,10.853518
1299,30,67.79937744,4108,11.886632
1300,40,68.01757813,3971,12.479446
1301,50,68.24798584,3941,13.24892
1302,60,67.47741699,3998,12.755925
1303,70,68.20068359,4095,12.870834
1304,80,68.53179932,4052,13.086552
1305,90,67.32940674,4018,13.7667
1306,100,68.13812256,4066,12.458967
1307,110,67.7230835,4147,11.476633
1308,120,67.75817871,4109,11.392149
1309,130,68.03741455,3982,10.833659
1310,140,68.2220459,3944,10.629493
1311,150,67.51098633,3998,11.141591
1312,160,68.24645996,4095,9.859745
1313,170,68.52264404,4041,10.306933
1314,180,67.37213135,4015,10.238463
1315,190,68.11828613,4078,10.049012
1316,200,67.71697998,4143,10.832222
1317,210,67.75970459,4095,11.958053
1318,220,68.07098389,3965,12.566334
1319,230,68.1854248,3936,13.322257
1320,240,67.61322021,4010,12.743519
1321,250,68.31665039,4072,12.831383
1322,260,68.50128174,4038,13.063482
1323,270,67.39807129,3991,13.726364
1324,280,68.07098389,4094,12.267169
1325,290,67.7154541,4145,11.558076
1326,300,67.80090332,4094,11.665477
1327,310,68.05114746,3954,10.92397
1328,320,68.21289063,3933,10.6806755
1329,330,67.58270264,4010,11.135761
1330,340,68.26934814,4072,10.00871
1331,350,68.51196289,4049,10.40194
1332,360,67.35534668,3994,10.339586
1333,0,55.67474365,4314,7.0069866
1334,10,56.34460449,4544,6.88253
1335,20,56.89544678,4384,7.2230477
1336,30,56.1920166,4390,8.534649
1337,40,56.89086914,4265,8.558726
1338,50,55.9387207,4243,7.7110815
1339,60,56.74133301,4286,7.535231
1340,70,57.71789551,4316,7.5434847
1341,80,57.26928711,4375,6.8039827
1342,90,55.62591553,4336,6.9967966
1343,100,56.3949585,4535,6.2070155
1344,110,56.9152832,4387,6.301545
1345,120,56.11572266,4399,5.921792
1346,130,56.9519043,4283,5.7468004
1347,140,56.0256958,4236,5.6721687
1348,150,56.80084229,4287,5.7200675
1349,160,57.6385498,4324,7.5521007
1350,170,57.37762451,4377,7.4535713
1351,180,55.69152832,4354,6.8436675
1352,190,56.37207031,4525,6.734443
1353,200,56.86187744,4404,7.038017
1354,210,56.12792969,4394,8.525947
1355,220,56.95343018,4275,8.403907
1356,230,55.96313477,4241,7.6697884
1357,240,56.76574707,4294,7.4668407
1358,250,57.62176514,4324,7.4382544
1359,260,57.36694336,4390,6.756842
1360,270,55.74035645,4332,6.913679
1361,280,56.31866455,4535,6.1426144
1362,290,56.84509277,4401,6.241926
1363,300,56.20574951,4385,5.826958
1364,310,56.8939209,4257,5.7281814
1365,320,55.87310791,4245,5.6444116
1366,330,56.70776367,4293,5.5456433
1367,340,57.69805908,4316,7.535608
1368,350,57.26318359,4386,7.3370337
1369,360,55.67474365,4314,7.0069866
1370,0,57.81707764,4116,7.068033
1371,10,58.54949951,4195,7.5137916
1372,20,58.76312256,4237,7.431752
1373,30,57.70263672,4277,7.288785
1374,40,58.68682861,4119,7.51147
1375,50,58.46405029,4072,7.436361
1376,60,58.07495117,4167,7.327907
1377,70,58.81195068,4185,7.856314
1378,80,58.71887207,4251,8.489362
1379,90,57.75299072,4128,9.097166
1380,100,58.67156982,4193,7.547842
1381,110,58.6807251,4229,7.545139
1382,120,57.62023926,4281,7.548161
1383,130,58.7097168,4139,7.5026402
1384,140,58.54492188,4092,6.9297595
1385,150,58.17108154,4159,7.242313
1386,160,58.65325928,4201,6.6279316
1387,170,58.71582031,4263,6.8407617
1388,180,57.74536133,4146,6.979979
1389,190,58.61968994,4188,7.516236
1390,200,58.61968994,4231,7.4995294
1391,210,57.60345459,4282,7.292398
1392,220,58.76312256,4128,7.5024734
1393,230,58.47930908,4096,7.49113
1394,240,58.18786621,4157,7.37012
1395,250,58.72802734,4198,7.7837186
1396,260,58.7387085,4265,8.439398
1397,270,57.80792236,4134,8.998929
1398,280,58.49609375,4191,7.5178328
1399,290,58.7020874,4239,7.6141634
1400,300,57.68585205,4278,7.5613966
1401,310,58.74023438,4108,7.502117
1402,320,58.39691162,4076,6.9365063
1403,330,58.09326172,4165,7.347301
1404,340,58.88519287,4182,6.767826
1405,350,58.74786377,4251,6.8715286
1406,360,57.81707764,4116,7.068033
1407,0,65.2923584,3488,14.750353
1408,10,65.95458984,3572,14.3965225
1409,20,66.14990234,3618,13.795586
1410,30,65.02838135,3614,13.54877
1411,40,65.58227539,3512,13.922169
1412,50,64.98260498,3515,13.184327
1413,60,64.81170654,3601,12.670501
1414,70,65.39611816,3586,12.651111
1415,80,65.57922363,3632,14.081573
1416,90,65.21453857,3498,14.653179
1417,100,66.0446167,3570,14.217059
1418,110,66.07818604,3612,14.164102
1419,120,64.99023438,3616,13.863308
1420,130,65.61279297,3529,13.601892
1421,140,65.01617432,3526,12.957195
1422,150,64.87121582,3585,13.097529
1423,160,65.26641846,3606,12.742572
1424,170,65.60974121,3662,14.213777
1425,180,65.28015137,3512,14.684101
1426,190,66.04156494,3563,14.348604
1427,200,66.07513428,3615,13.75641
1428,210,65.02227783,3613,13.706483
1429,220,65.625,3520,13.884768
1430,230,64.92767334,3531,13.275598
1431,240,64.83306885,3594,12.798047
1432,250,65.3503418,3604,12.652936
1433,260,65.59448242,3681,13.976498
1434,270,65.35644531,3502,14.540106
1435,280,65.95306396,3565,14.203795
1436,290,66.14837646,3621,14.31121
1437,300,65.0604248,3611,14.00339
1438,310,65.59448242,3503,13.7074795
1439,320,64.89105225,3520,12.931516
1440,330,64.77508545,3610,13.108067
1441,340,65.48156738,3584,12.810752
1442,350,65.56396484,3649,14.198315
1443,360,65.2923584,3488,14.750353
1444,0,53.66363525,3515,7.0528326
1445,10,52.18200684,3671,7.1084576
1446,20,51.25732422,3684,7.5175757
1447,30,51.73950195,3669,7.7229075
1448,40,52.25524902,3662,8.223606
1449,50,52.50701904,3656,7.8122387
1450,60,51.04675293,3667,6.6465926
1451,70,52.29797363,3653,7.2467346
1452,80,53.01208496,3628,8.504415
1453,90,53.6895752,3528,9.020145
1454,100,52.10876465,3669,10.213106
1455,110,51.30004883,3687,10.1017065
1456,120,51.75018311,3674,9.673045
1457,130,52.24304199,3664,6.9405866
1458,140,52.4017334,3668,7.210384
1459,150,51.11541748,3683,6.9799166
1460,160,52.30407715,3681,7.240041
1461,170,52.95715332,3632,7.26104
1462,180,53.53851318,3537,7.153944
1463,190,52.01416016,3676,7.2854414
1464,200,51.33361816,3696,7.6811547
1465,210,51.74865723,3657,7.8582077
1466,220,52.34832764,3676,8.359333
1467,230,52.41088867,3664,7.936934
1468,240,51.03912354,3679,6.9549747
1469,250,52.23388672,3675,7.531981
1470,260,52.94036865,3631,8.535847
1471,270,53.50952148,3524,8.97142
1472,280,52.0904541,3678,10.166044
1473,290,51.28479004,3692,9.874045
1474,300,51.73797607,3652,9.776171
1475,310,52.36206055,3673,6.905103
1476,320,52.51617432,3652,7.0573134
1477,330,50.96893311,3663,6.795719
1478,340,52.22625732,3647,7.1112094
1479,350,52.99682617,3627,7.1823716
1480,360,53.66363525,3515,7.0528326
1481,0,54.71343994,3334,7.0370398
1482,10,52.87780762,3563,6.865062
1483,20,52.33306885,3528,7.775371
1484,30,52.63214111,3623,7.8960447
1485,40,53.56445313,3559,9.152342
1486,50,53.90930176,3453,11.525631
1487,60,52.4230957,3429,11.716183
1488,70,53.84521484,3388,12.462404
1489,80,54.91638184,3426,12.272002
1490,90,54.80194092,3319,11.57078
1491,100,52.89764404,3554,11.146419
1492,110,52.39257813,3531,9.655054
1493,120,52.64282227,3628,9.276598
1494,130,53.52478027,3560,7.427696
1495,140,53.8482666,3464,7.1603146
1496,150,52.57873535,3441,6.8910966
1497,160,53.79943848,3407,7.088019
1498,170,54.81414795,3430,6.715402
1499,180,54.64019775,3330,7.0692883
1500,190,52.84729004,3557,6.981937
1501,200,52.47192383,3544,7.880774
1502,210,52.6260376,3604,7.936961
1503,220,53.53546143,3578,9.365306
1504,230,53.80554199,3463,11.50766
1505,240,52.47039795,3443,11.718165
1506,250,53.70941162,3411,12.563663
1507,260,54.74090576,3433,12.396618
1508,270,54.55169678,3345,11.443317
1509,280,52.83050537,3566,11.233718
1510,290,52.40783691,3540,9.474614
1511,300,52.61535645,3599,9.333581
1512,310,53.57513428,3576,7.3348765
1513,320,53.86810303,3452,6.9645586
1514,330,52.31323242,3431,6.681863
1515,340,53.75061035,3392,6.977453
1516,350,54.84771729,3430,6.762724
1517,360,54.71343994,3334,7.0370398
1518,0,61.2197876,3141,15.216732
1519,10,60.98022461,3202,15.442872
1520,20,60.77270508,3135,14.864447
1521,30,60.12878418,3194,14.202045
1522,40,59.86022949,3142,17.500624
1523,50,58.644104,3181,18.20394
1524,60,57.71331787,3233,14.36166
1525,70,58.94165039,3210,13.865103
1526,80,60.39733887,3200,14.647837
1527,90,61.32049561,3129,14.246115
1528,100,60.94970703,3200,13.901993
1529,110,60.78796387,3136,14.008644
1530,120,60.17150879,3187,14.134852
1531,130,59.80682373,3145,12.840299
1532,140,58.60137939,3192,12.161769
1533,150,57.88879395,3236,11.533437
1534,160,59.00268555,3227,13.081195
1535,170,60.34240723,3206,13.675209
1536,180,61.16790771,3138,15.35621
1537,190,60.86425781,3201,15.494734
1538,200,60.82305908,3139,14.9101095
1539,210,60.19134521,3174,14.259907
1540,220,59.85107422,3160,17.493013
1541,230,58.54492188,3192,18.069668
1542,240,57.73925781,3239,14.619381
1543,250,58.88366699,3232,13.80272
1544,260,60.19897461,3209,14.428105
1545,270,61.06567383,3150,14.00081
1546,280,60.89630127,3203,14.038086
1547,290,60.80627441,3138,13.836773
1548,300,60.15014648,3181,14.18189
1549,310,59.90447998,3156,12.731646
1550,320,58.58764648,3181,11.915162
1551,330,57.56225586,3236,11.41822
1552,340,58.81500244,3215,12.982601
1553,350,60.25543213,3204,13.5233135
1554,360,61.2197876,3141,15.216732
1555,0,44.77996826,3160,4.9385366
1556,10,45.10650635,3153,5.2432075
1557,20,44.58770752,3045,5.1464667
1558,30,45.64056396,3012,5.6765094
1559,40,46.22802734,2808,5.156453
1560,50,43.94226074,2960,4.4565053
1561,60,43.45855713,3067,4.95545
1562,70,44.41986084,3181,4.664009
1563,80,45.18432617,3142,4.722425
1564,90,44.79064941,3152,4.238845
1565,100,45.14160156,3170,4.3693147
1566,110,44.58465576,3046,3.3299427
1567,120,45.75500488,3009,3.2088275
1568,130,46.29516602,2788,4.704366
1569,140,43.87359619,2933,5.1151443
1570,150,43.39904785,3062,4.4054403
1571,160,44.42901611,3183,4.2324944
1572,170,45.19348145,3147,4.5367384
1573,180,44.79064941,3151,4.748841
1574,190,45.1461792,3159,5.1180735
1575,200,44.51141357,3051,5.0540466
1576,210,45.66040039,3015,5.608026
1577,220,46.1807251,2807,5.1267653
1578,230,43.75610352,2937,4.479656
1579,240,43.3303833,3058,5.058124
1580,250,44.5098877,3171,4.7710133
1581,260,45.21636963,3153,4.8609796
1582,270,44.77996826,3159,4.4088326
1583,280,45.11566162,3142,4.4576964
1584,290,44.51141357,3050,3.3579836
1585,300,45.54443359,3018,3.0619805
1586,310,46.11206055,2827,4.6741595
1587,320,43.82476807,2963,5.2059727
1588,330,43.39141846,3063,4.5659304
1589,340,44.49768066,3169,4.433013
1590,350,45.21331787,3150,4.7006073
1591,360,44.77996826,3160,4.9385366
1592,0,47.93395996,2878,10.003901
1593,10,48.1048584,2937,9.060169
1594,20,47.52044678,2874,8.502536
1595,30,48.32305908,2860,12.416667
1596,40,48.86627197,2668,11.254997
1597,50,47.50518799,2750,8.056664
1598,60,47.56317139,2830,6.053319
1599,70,48.76098633,2906,5.595446
1600,80,48.71368408,2863,5.1188006
1601,90,47.83782959,2878,5.09698
1602,100,48.08349609,2960,5.533402
1603,110,47.5402832,2873,4.618624
1604,120,48.43444824,2857,4.4345064
1605,130,48.92425537,2646,7.3029866
1606,140,47.34649658,2735,7.8962383
1607,150,47.45483398,2799,8.768349
1608,160,48.78997803,2906,9.328549
1609,170,48.7411499,2866,9.750106
1610,180,47.87597656,2877,10.036348
1611,190,48.08807373,2949,8.96696
1612,200,47.46856689,2878,8.46506
1613,210,48.33984375,2863,12.764296
1614,220,48.80981445,2665,11.059695
1615,230,47.21679688,2739,8.501161
1616,240,47.39379883,2803,6.308089
1617,250,48.89068604,2900,5.6289883
1618,260,48.82354736,2885,5.1772814
1619,270,47.97210693,2877,5.1687894
1620,280,48.11401367,2926,5.5620785
1621,290,47.44415283,2879,4.5397534
1622,300,48.22692871,2866,4.2200074
1623,310,48.75030518,2687,7.1039557
1624,320,47.3739624,2754,7.9285474
1625,330,47.50213623,2834,8.75704
1626,340,48.86016846,2900,9.341564
1627,350,48.80065918,2884,9.616404
1628,360,47.93395996,2878,10.003901
1629,0,53.89709473,2546,20.346264
1630,10,53.34014893,2614,17.574701
1631,20,51.35345459,2581,13.965079
1632,30,51.07421875,2587,15.461712
1633,40,51.99279785,2405,16.79914
1634,50,51.44958496,2462,17.097992
1635,60,52.25524902,2484,17.51989
1636,70,54.78515625,2527,18.972486
1637,80,54.95605469,2447,18.018358
1638,90,53.80096436,2546,18.273804
1639,100,53.31878662,2637,15.972665
1640,110,51.37329102,2580,12.069427
1641,120,51.15814209,2584,12.591639
1642,130,52.03704834,2381,12.9936905
1643,140,51.30767822,2446,12.91151
1644,150,52.16064453,2480,17.722832
1645,160,54.83093262,2524,19.00696
1646,170,55.00335693,2449,19.771751
1647,180,53.80249023,2547,20.27156
1648,190,53.32183838,2624,17.038544
1649,200,51.28326416,2584,13.768762
1650,210,51.01013184,2589,15.310971
1651,220,51.93786621,2399,16.697784
1652,230,51.19171143,2449,17.183027
1653,240,52.11791992,2483,17.56948
1654,250,54.97589111,2518,19.004158
1655,260,55.13153076,2481,18.069082
1656,270,53.89862061,2547,18.383749
1657,280,53.34777832,2601,16.225845
1658,290,51.26037598,2585,12.262385
1659,300,50.9262085,2592,12.906973
1660,310,51.89208984,2423,13.2372875
1661,320,51.33209229,2465,13.321532
1662,330,52.21252441,2487,18.287525
1663,340,54.92858887,2521,19.235998
1664,350,55.09033203,2481,19.923626
1665,360,53.89709473,2546,20.346264
1666,0,59.45129395,5381,4.494997
1667,10,60.28747559,5589,4.094253
1668,20,59.75952148,5710,3.9975455
1669,30,59.81903076,5590,3.9364767
1670,40,60.02044678,5418,4.7780695
1671,50,59.82818604,5374,4.9716506
1672,60,59.19036865,5454,4.9806933
1673,70,59.46960449,5447,5.188244
1674,80,59.92889404,5361,5.186642
1675,90,59.39178467,5360,5.365229
1676,100,60.19897461,5586,4.845227
1677,110,59.71221924,5725,4.551124
1678,120,59.81445313,5586,4.3766494
1679,130,59.96246338,5416,4.467541
1680,140,59.82666016,5372,4.416791
1681,150,59.23919678,5434,4.386852
1682,160,59.50927734,5428,4.308763
1683,170,59.89990234,5344,4.410117
1684,180,59.42077637,5359,4.5709467
1685,190,60.16540527,5579,4.1284246
1686,200,59.70306396,5726,4.0197024
1687,210,59.84954834,5614,3.964832
1688,220,59.95788574,5428,4.7921767
1689,230,59.75646973,5336,5.0231957
1690,240,59.21173096,5437,4.9883633
1691,250,59.52911377,5411,5.1776114
1692,260,59.91668701,5362,5.1496234
1693,270,59.47875977,5380,5.2934403
1694,280,60.25543213,5582,4.8095503
1695,290,59.75036621,5711,4.4942713
1696,300,59.85565186,5618,4.301607
1697,310,60.01434326,5430,4.391902
1698,320,59.75952148,5340,4.3637266
1699,330,59.16595459,5457,4.310403
1700,340,59.48791504,5428,4.2357426
1701,350,59.94720459,5377,4.3367586
1702,360,59.45129395,5381,4.494997
1703,0,66.04003906,4490,8.576173
1704,10,66.92962646,4599,8.2654295
1705,20,66.90063477,4632,8.175781
1706,30,66.8838501,4619,8.395232
1707,40,67.43164063,4475,9.187628
1708,50,67.33703613,4510,9.734537
1709,60,66.35131836,4587,9.649852
1710,70,66.24298096,4641,9.854174
1711,80,66.29180908,4543,9.862219
1712,90,65.99273682,4502,9.764092
1713,100,66.87774658,4592,9.377438
1714,110,66.88995361,4628,9.124589
1715,120,66.8838501,4617,9.254541
1716,130,67.47894287,4469,9.261142
1717,140,67.32330322,4504,8.873319
1718,150,66.33300781,4580,8.640872
1719,160,66.20941162,4643,8.206928
1720,170,66.31317139,4551,8.05132
1721,180,66.0369873,4514,8.624068
1722,190,66.86859131,4585,8.38652
1723,200,66.87164307,4628,8.325438
1724,210,66.91894531,4633,8.522544
1725,220,67.46673584,4478,9.235516
1726,230,67.22869873,4475,9.701812
1727,240,66.34063721,4575,9.64459
1728,250,66.20330811,4623,9.842183
1729,260,66.25518799,4576,9.843639
1730,270,66.08428955,4502,9.7246065
1731,280,66.92657471,4592,9.404192
1732,290,66.87927246,4631,9.054159
1733,300,66.92047119,4635,9.145124
1734,310,67.41943359,4484,9.10761
1735,320,67.2454834,4482,8.830919
1736,330,66.36047363,4582,8.611555
1737,340,66.2399292,4619,8.139282
1738,350,66.23382568,4568,7.8873653
1739,360,66.04003906,4490,8.576173
1740,0,69.27947998,3924,13.045969
1741,10,69.32220459,4062,11.929945
1742,20,69.38934326,4055,11.386176
1743,30,69.84863281,4016,12.898017
1744,40,69.92034912,3972,12.736405
1745,50,70.18127441,3848,13.309899
1746,60,69.78149414,3982,13.651108
1747,70,68.7789917,4011,13.431091
1748,80,69.06585693,3920,13.366276
1749,90,69.21691895,3928,13.428689
1750,100,69.34967041,4050,13.391307
1751,110,69.40460205,4048,13.61284
1752,120,69.88525391,4008,13.68849
1753,130,69.96612549,3981,13.661768
1754,140,70.17364502,3838,12.9396
1755,150,69.82421875,3968,13.02793
1756,160,68.75,4012,12.60728
1757,170,69.08569336,3918,12.667587
1758,180,69.26269531,3932,13.000718
1759,190,69.33898926,4040,11.941152
1760,200,69.37713623,4045,11.455757
1761,210,69.92034912,4034,12.998442
1762,220,69.94476318,3976,12.60568
1763,230,70.01800537,3824,13.14573
1764,240,69.80285645,3963,13.633689
1765,250,68.66912842,3997,13.432371
1766,260,68.99719238,3945,13.510898
1767,270,69.32525635,3928,13.485062
1768,280,69.31762695,4052,13.475778
1769,290,69.36187744,4052,13.520058
1770,300,69.88525391,4042,13.6693325
1771,310,69.9005127,3967,13.568361
1772,320,70.02716064,3834,12.958897
1773,330,69.76165771,3977,13.080843
1774,340,68.70117188,3994,12.648531
1775,350,68.97735596,3947,12.563287
1776,360,69.27947998,3924,13.045969
1777,0,55.03997803,4502,4.7872877
1778,10,53.80401611,4688,4.314376
1779,20,53.50646973,4722,4.2421436
1780,30,55.42449951,4606,5.19625
1781,40,55.25970459,4575,5.017776
1782,50,55.32073975,4596,5.148514
1783,60,55.31921387,4574,5.592513
1784,70,55.31311035,4555,5.2941155
1785,80,54.0435791,4608,5.197013
1786,90,55.08880615,4506,5.884275
1787,100,53.84521484,4666,4.561739
1788,110,53.515625,4700,4.33287
1789,120,55.45806885,4596,4.7729053
1790,130,55.24597168,4540,4.722011
1791,140,55.29632568,4604,4.8072424
1792,150,55.33752441,4583,4.6899695
1793,160,55.39550781,4549,4.2445474
1794,170,54.08630371,4595,4.497174
1795,180,55.0491333,4500,4.631587
1796,190,53.88183594,4670,4.1896534
1797,200,53.56445313,4686,4.137844
1798,210,55.43060303,4607,5.1272063
1799,220,55.19256592,4527,4.8922215
1800,230,55.27191162,4584,5.0940905
1801,240,55.32684326,4594,5.6400323
1802,250,55.3314209,4544,5.3569317
1803,260,54.16107178,4587,5.310088
1804,270,55.00030518,4496,5.8668327
1805,280,53.84216309,4692,4.7334642
1806,290,53.55529785,4708,4.450033
1807,300,55.39703369,4617,4.7879057
1808,310,55.20477295,4562,4.749108
1809,320,55.29785156,4576,4.9439936
1810,330,55.31005859,4585,4.7887254
1811,340,55.25054932,4550,4.3841467
1812,350,54.11529541,4600,4.6169224
1813,360,55.03997803,4502,4.7872877
1814,0,59.9822998,3840,9.953207
1815,10,58.79516602,4051,8.577841
1816,20,58.20617676,4087,7.975688
1817,30,59.02862549,4010,7.7700305
1818,40,58.54492188,3978,6.9936028
1819,50,59.3963623,3985,7.6060305
1820,60,59.54437256,3912,7.9050612
1821,70,60.206604,3816,8.691108
1822,80,59.12780762,3907,8.487928
1823,90,60.00976563,3840,9.108353
1824,100,58.80432129,4029,8.592338
1825,110,58.203125,4073,8.013193
1826,120,58.99047852,4018,8.720892
1827,130,58.47625732,3966,8.596869
1828,140,59.36431885,3990,8.582124
1829,150,59.5489502,3922,8.70833
1830,160,60.23254395,3822,8.501471
1831,170,59.16290283,3899,8.918664
1832,180,59.94262695,3842,9.942283
1833,190,58.79669189,4034,8.615845
1834,200,58.20617676,4061,7.940707
1835,210,58.95080566,4030,7.6706495
1836,220,58.40759277,3952,6.789499
1837,230,59.28192139,3967,7.4595942
1838,240,59.50469971,3930,7.747545
1839,250,60.14404297,3825,8.46088
1840,260,59.22698975,3893,8.471968
1841,270,59.91516113,3842,9.025015
1842,280,58.78753662,4056,8.61404
1843,290,58.21075439,4075,7.93466
1844,300,58.98895264,4022,8.712906
1845,310,58.47625732,3964,8.54038
1846,320,59.31549072,3962,8.565457
1847,330,59.50012207,3920,8.591191
1848,340,60.12115479,3819,8.470727
1849,350,59.19036865,3901,8.914461
1850,360,59.9822998,3840,9.953207
1851,0,63.07373047,3524,13.129551
1852,10,62.29400635,3692,12.152617
1853,20,61.75231934,3678,12.147077
1854,30,62.99133301,3683,12.274776
1855,40,63.40332031,3568,12.146813
1856,50,63.31329346,3663,12.755665
1857,60,62.60681152,3575,13.380731
1858,70,62.65411377,3546,13.392448
1859,80,61.68060303,3617,13.487803
1860,90,63.07830811,3526,14.523531
1861,100,62.30316162,3670,14.145769
1862,110,61.70501709,3671,12.390296
1863,120,62.91809082,3692,12.6838455
1864,130,63.30108643,3558,12.326028
1865,140,63.23394775,3667,12.508561
1866,150,62.61444092,3582,12.5206585
1867,160,62.67242432,3553,12.364273
1868,170,61.69128418,3610,12.276493
1869,180,63.00811768,3526,13.126333
1870,190,62.33062744,3674,12.322525
1871,200,61.71264648,3659,12.253765
1872,210,62.94403076,3690,12.336732
1873,220,63.25683594,3545,12.135167
1874,230,63.15917969,3650,12.692608
1875,240,62.64038086,3593,13.337731
1876,250,62.60528564,3559,13.35609
1877,260,61.73095703,3603,13.690268
1878,270,63.00354004,3524,14.515944
1879,280,62.32147217,3696,14.273302
1880,290,61.75994873,3666,12.40728
1881,300,63.01727295,3681,12.701542
1882,310,63.35906982,3555,12.297206
1883,320,63.23852539,3646,12.413501
1884,330,62.63275146,3586,12.403547
1885,340,62.59002686,3552,12.238204
1886,350,61.71875,3610,12.122425
1887,360,63.07373047,3524,13.129551
1888,0,50.49438477,4062,5.97172
1889,10,49.69177246,4097,5.4868565
1890,20,48.56414795,4097,5.323592
1891,30,49.5010376,4164,5.157365
1892,40,51.16577148,4043,5.3699327
1893,50,50.92468262,4103,5.2012496
1894,60,51.11083984,4020,5.095191
1895,70,51.11999512,4066,4.752422
1896,80,50.14190674,4123,4.6101327
1897,90,50.5645752,4066,4.6658964
1898,100,49.73754883,4099,4.406375
1899,110,48.64044189,4086,4.452016
1900,120,49.50408936,4168,4.538668
1901,130,51.23138428,4055,4.567292
1902,140,50.99182129,4122,4.195804
1903,150,51.1428833,4036,5.206921
1904,160,51.15966797,4080,5.442541
1905,170,50.20599365,4123,5.444949
1906,180,50.52337646,4068,6.109554
1907,190,49.76501465,4114,5.582216
1908,200,48.62213135,4102,5.436221
1909,210,49.48272705,4167,5.310515
1910,220,51.23443604,4050,5.514043
1911,230,50.99639893,4113,5.352797
1912,240,51.18408203,4031,5.164464
1913,250,51.13220215,4079,4.8557134
1914,260,50.2243042,4114,4.531771
1915,270,50.45318604,4064,4.4821362
1916,280,49.71466064,4114,4.3109756
1917,290,48.54278564,4113,4.332914
1918,300,49.47967529,4163,4.3748584
1919,310,51.17034912,4038,4.5000243
1920,320,50.92926025,4094,3.8269088
1921,330,51.15203857,4015,4.9260087
1922,340,51.09100342,4065,5.3130765
1923,350,50.16326904,4114,5.2685833
1924,360,50.49438477,4062,5.97172
1925,0,57.53631592,3456,11.586403
1926,10,56.96411133,3541,11.20279
1927,20,55.56945801,3475,11.583601
1928,30,56.28814697,3528,11.747473
1929,40,57.24029541,3581,11.660183
1930,50,57.23419189,3518,12.961126
1931,60,56.70928955,3481,12.934481
1932,70,56.55059814,3532,12.523394
1933,80,56.24694824,3592,12.178892
1934,90,57.60040283,3460,13.192107
1935,100,57.00836182,3538,12.233004
1936,110,55.63659668,3476,10.033947
1937,120,56.30493164,3529,10.534311
1938,130,57.28149414,3588,10.692272
1939,140,57.36236572,3525,10.07638
1940,150,56.78253174,3476,10.431971
1941,160,56.61010742,3541,9.827161
1942,170,56.36444092,3590,10.349488
1943,180,57.60955811,3460,11.613596
1944,190,57.04040527,3543,11.205587
1945,200,55.57556152,3482,11.584816
1946,210,56.26983643,3534,11.822407
1947,220,57.24182129,3588,11.538547
1948,230,57.34710693,3519,12.886224
1949,240,56.80541992,3473,12.835302
1950,250,56.58569336,3538,12.426034
1951,260,56.42547607,3595,12.058758
1952,270,57.54547119,3456,12.975912
1953,280,56.99615479,3546,12.128192
1954,290,55.50689697,3481,9.935295
1955,300,56.25152588,3533,10.426362
1956,310,57.20062256,3582,10.688383
1957,320,57.21740723,3511,10.012056
1958,330,56.73217773,3478,10.439058
1959,340,56.52160645,3529,9.845849
1960,350,56.31561279,3597,10.325136
1961,360,57.53631592,3456,11.586403
1962,0,59.26055908,3374,14.001685
1963,10,58.6517334,3455,12.030141
1964,20,58.34197998,3310,12.674235
1965,30,58.25958252,3420,12.976962
1966,40,59.25598145,3388,13.140091
1967,50,58.39385986,3416,13.305113
1968,60,57.13806152,3519,12.695856
1969,70,58.10241699,3447,12.915693
1970,80,57.65228271,3517,12.697209
1971,90,59.27886963,3394,14.471388
1972,100,58.69598389,3453,13.941605
1973,110,58.40301514,3311,13.9480095
1974,120,58.24890137,3422,14.295692
1975,130,59.33227539,3395,14.412557
1976,140,58.47320557,3422,13.459465
1977,150,57.23266602,3507,13.098989
1978,160,58.14208984,3446,11.82999
1979,170,57.75756836,3515,12.695014
1980,180,59.28497314,3392,13.983804
1981,190,58.76159668,3449,12.094501
1982,200,58.3984375,3326,12.673765
1983,210,58.27026367,3421,12.960798
1984,220,59.25445557,3380,13.081995
1985,230,58.43048096,3422,13.283556
1986,240,57.25250244,3508,12.680422
1987,250,58.12072754,3440,12.959222
1988,260,57.81707764,3523,12.677984
1989,270,59.2666626,3372,14.295049
1990,280,58.71734619,3451,13.772962
1991,290,58.33435059,3325,13.849109
1992,300,58.27941895,3419,14.179067
1993,310,59.17816162,3374,14.545501
1994,320,58.34960938,3415,13.316403
1995,330,57.15789795,3520,13.03235
1996,340,58.08105469,3441,11.86437
1997,350,57.71636963,3525,12.568541
1998,360,59.26055908,3374,14.001685
1999,0,42.34466553,3047,3.3217506
2000,10,41.14074707,3162,3.2721992
2001,20,42.01507568,3170,3.2636285
2002,30,43.00537109,3226,3.258648
2003,40,43.74084473,3160,5.6104307
2004,50,43.28155518,3090,6.6337976
2005,60,42.54455566,3144,6.7719617
2006,70,42.59338379,3135,6.630078
2007,80,41.43066406,3074,6.6186543
2008,90,42.1875,3048,6.5577974
2009,100,41.15447998,3153,6.350357
2010,110,41.92504883,3188,6.432417
2011,120,42.92755127,3218,6.2709312
2012,130,43.74847412,3160,6.0326357
2013,140,43.21746826,3090,4.873479
2014,150,42.55981445,3143,4.2336135
2015,160,42.56896973,3151,3.700946
2016,170,41.37268066,3090,3.0520341
2017,180,42.11120605,3041,3.497433
2018,190,41.0949707,3161,3.5002398
2019,200,41.86553955,3199,3.499445
2020,210,42.81768799,3194,3.4878
2021,220,43.7789917,3161,5.866085
2022,230,43.29223633,3093,6.732913
2023,240,42.56896973,3134,6.871077
2024,250,42.56896973,3145,6.6996927
2025,260,41.39404297,3072,6.7428126
2026,270,42.2668457,3040,6.713469
2027,280,41.08123779,3170,6.4681754
2028,290,41.95556641,3182,6.4433465
2029,300,42.89703369,3200,6.3231025
2030,310,43.76831055,3161,6.074308
2031,320,43.35479736,3093,4.858558
2032,330,42.55218506,3135,4.1486707
2033,340,42.58880615,3129,3.8664308
2034,350,41.45507813,3056,3.0866652
2035,360,42.34466553,3047,3.3217506
2036,0,48.26965332,3053,8.916666
2037,10,47.53417969,3181,8.798758
2038,20,47.67150879,3125,8.8047495
2039,30,48.30627441,3205,8.760355
2040,40,48.68774414,3132,9.857191
2041,50,47.69134521,3068,10.091517
2042,60,47.3526001,3176,8.405065
2043,70,47.65167236,3158,7.8036537
2044,80,46.70257568,3056,7.3030076
2045,90,48.19030762,3052,7.464835
2046,100,47.60742188,3170,7.483265
2047,110,47.62420654,3136,8.586811
2048,120,48.22845459,3197,8.921342
2049,130,48.73657227,3132,10.080611
2050,140,47.6776123,3065,8.166073
2051,150,47.41668701,3171,8.490186
2052,160,47.67456055,3171,8.429287
2053,170,46.67816162,3072,7.9785686
2054,180,48.18878174,3051,8.995516
2055,190,47.51434326,3172,8.710323
2056,200,47.47467041,3150,8.730529
2057,210,48.05603027,3176,8.713049
2058,220,48.6618042,3134,9.911417
2059,230,47.58605957,3068,10.192681
2060,240,47.30072021,3155,8.57621
2061,250,47.58911133,3173,7.8465514
2062,260,46.62017822,3058,7.487945
2063,270,48.26660156,3052,7.697819
2064,280,47.44110107,3183,7.7050514
2065,290,47.52349854,3140,8.617479
2066,300,48.13537598,3182,9.111275
2067,310,48.60992432,3134,10.070544
2068,320,47.5982666,3071,8.129819
2069,330,47.23510742,3160,8.433134
2070,340,47.56011963,3160,8.533051
2071,350,46.64611816,3042,8.056875
2072,360,48.26965332,3053,8.916666
2073,0,54.22973633,2783,19.319292
2074,10,53.13568115,2974,13.735482
2075,20,52.53601074,2941,13.425859
2076,30,53.12652588,2991,12.452383
2077,40,53.58276367,2901,12.331272
2078,50,52.95562744,2818,12.238909
2079,60,53.07617188,2881,11.685872
2080,70,54.69818115,2848,11.708314
2081,80,54.08935547,2801,12.129873
2082,90,54.15802002,2786,12.728735
2083,100,53.22418213,2974,13.236539
2084,110,52.53295898,2951,14.521007
2085,120,53.04107666,2978,16.150173
2086,130,53.62548828,2890,17.961876
2087,140,52.88696289,2799,20.556845
2088,150,53.05480957,2880,19.101934
2089,160,54.64172363,2863,20.131474
2090,170,54.05731201,2801,18.968466
2091,180,54.20684814,2781,19.465021
2092,190,53.19366455,2979,13.60518
2093,200,52.45666504,2966,13.246406
2094,210,52.96936035,2955,12.445311
2095,220,53.60717773,2886,12.317439
2096,230,52.79693604,2802,12.223702
2097,240,52.92205811,2868,11.619514
2098,250,54.57611084,2864,11.63201
2099,260,54.06341553,2804,12.106255
2100,270,54.27703857,2778,12.587296
2101,280,53.1036377,2979,13.323878
2102,290,52.46124268,2956,14.39591
2103,300,53.05633545,2966,16.194134
2104,310,53.56140137,2897,18.471527
2105,320,52.86407471,2821,20.646774
2106,330,52.94189453,2869,18.925356
2107,340,54.6295166,2849,20.16415
2108,350,54.09851074,2804,18.88298
2109,360,54.22973633,2783,19.319292
2110,0,40.86303711,2892,8.730948
2111,10,42.73986816,2924,7.8989787
2112,20,44.12231445,2969,5.326685
2113,30,42.83905029,2912,5.5691714
2114,40,42.00897217,2836,6.9747486
2115,50,41.19873047,2776,6.9850254
2116,60,39.03198242,2726,5.9027133
2117,70,39.35546875,2702,6.7111015
2118,80,40.1763916,2953,6.9259233
2119,90,40.89050293,2889,7.0019565
2120,100,42.79327393,2922,9.080029
2121,110,44.09790039,2963,10.65197
2122,120,42.87719727,2909,8.906118
2123,130,41.98150635,2839,9.179554
2124,140,41.16210938,2791,9.255133
2125,150,39.14642334,2721,8.821491
2126,160,39.48974609,2699,8.739416
2127,170,40.17028809,2954,8.714913
2128,180,40.87982178,2886,9.02988
2129,190,42.74902344,2919,8.169918
2130,200,44.03991699,2963,5.716201
2131,210,43.00689697,2914,5.8409357
2132,220,41.95709229,2822,6.7675653
2133,230,41.16973877,2796,6.8344154
2134,240,39.09912109,2717,5.601444
2135,250,39.44549561,2719,6.3518047
2136,260,40.16876221,2954,6.672761
2137,270,40.85083008,2889,6.758047
2138,280,42.69561768,2921,8.935704
2139,290,44.06738281,2969,10.33938
2140,300,42.96875,2917,8.366813
2141,310,41.98760986,2819,8.7368355
2142,320,41.20941162,2781,8.8200245
2143,330,38.98468018,2722,8.457908
2144,340,39.30511475,2723,8.370353
2145,350,40.17333984,2953,8.346756
2146,360,40.86303711,2892,8.730948
2147,0,49.79858398,2539,32.309036
2148,10,50.52642822,2625,26.863861
2149,20,50.24871826,2576,26.269642
2150,30,49.3637085,2627,26.10426
2151,40,49.67346191,2539,25.324993
2152,50,49.22790527,2450,23.42763
2153,60,48.5824585,2372,21.330976
2154,70,49.98931885,2313,12.332984
2155,80,50.49743652,2485,13.107618
2156,90,49.86724854,2501,14.966579
2157,100,50.63476563,2604,15.939205
2158,110,50.2532959,2571,17.05697
2159,120,49.44458008,2617,16.307985
2160,130,49.73602295,2538,18.274061
2161,140,49.31945801,2456,17.481148
2162,150,48.80981445,2366,17.841536
2163,160,50.14343262,2310,24.454737
2164,170,50.49438477,2486,29.053345
2165,180,49.84893799,2498,32.808784
2166,190,50.59509277,2603,26.843811
2167,200,50.19989014,2568,26.290386
2168,210,49.44915771,2623,26.07058
2169,220,49.64599609,2519,25.258587
2170,230,49.27520752,2460,23.54788
2171,240,48.81591797,2364,21.337029
2172,250,50.15258789,2300,11.831833
2173,260,50.5279541,2488,12.826677
2174,270,49.77874756,2536,14.876947
2175,280,50.48828125,2624,15.821841
2176,290,50.19226074,2573,16.907368
2177,300,49.36676025,2633,16.035038
2178,310,49.58496094,2520,17.984503
2179,320,49.18670654,2454,17.273336
2180,330,48.58856201,2370,17.647083
2181,340,49.99542236,2303,23.852459
2182,350,50.53100586,2489,29.072628
2183,360,49.79858398,2539,32.309036
2184,0,50.22735596,2498,29.619055
2185,10,49.60174561,2612,28.151981
2186,20,49.85351563,2532,28.165724
2187,30,50.37689209,2529,28.175577
2188,40,51.26647949,2463,27.258242
2189,50,51.50756836,2374,25.99426
2190,60,50.09765625,2308,24.15327
2191,70,50.6072998,2256,12.647672
2192,80,51.07269287,2419,14.865571
2193,90,50.26092529,2487,16.533012
2194,100,49.68414307,2610,16.511555
2195,110,49.87335205,2528,17.289263
2196,120,50.4119873,2522,16.234911
2197,130,51.27105713,2463,18.23723
2198,140,51.59912109,2380,18.79434
2199,150,50.32501221,2302,17.204247
2200,160,50.76141357,2253,22.449158
2201,170,51.06964111,2420,25.644096
2202,180,50.18920898,2486,29.711596
2203,190,49.58496094,2612,28.09859
2204,200,49.85961914,2525,28.201635
2205,210,50.42114258,2529,28.215929
2206,220,51.222229,2461,27.358591
2207,230,51.60980225,2380,26.164547
2208,240,50.43640137,2290,24.46007
2209,250,50.85296631,2251,11.992937
2210,260,51.13830566,2417,14.589049
2211,270,50.15563965,2497,16.446293
2212,280,49.50408936,2614,16.339863
2213,290,49.84130859,2529,17.166512
2214,300,50.38604736,2536,15.9783745
2215,310,51.21917725,2461,17.931284
2216,320,51.52130127,2374,18.512486
2217,330,50.20904541,2296,17.064167
2218,340,50.69580078,2254,21.96242
2219,350,51.14135742,2418,25.73254
2220,360,50.22735596,2498,29.619055
2221,0,58.46252441,5569,3.9308324
2222,10,59.32312012,5761,3.3786316
2223,20,58.69598389,5916,3.3240669
2224,30,58.79669189,5786,3.2709107
2225,40,59.05761719,5577,3.8813553
2226,50,58.86077881,5534,3.9543986
2227,60,58.22906494,5623,3.9482868
2228,70,58.28552246,5657,4.0794153
2229,80,58.7387085,5574,4.431395
2230,90,58.41674805,5544,4.8280745
2231,100,59.23461914,5758,4.396773
2232,110,58.62731934,5934,4.2053084
2233,120,58.79211426,5782,4.10771
2234,130,58.99963379,5575,4.1795707
2235,140,58.85925293,5532,4.0080056
2236,150,58.27789307,5603,4.0132685
2237,160,58.32519531,5638,3.7966454
2238,170,58.7097168,5557,3.8274438
2239,180,58.44573975,5543,3.953486
2240,190,59.2010498,5751,3.3668802
2241,200,58.61816406,5935,3.2868466
2242,210,58.84399414,5808,3.2687385
2243,220,58.99505615,5587,3.8704038
2244,230,58.7890625,5496,3.948654
2245,240,58.25042725,5606,4.011044
2246,250,58.34503174,5621,4.1213264
2247,260,58.72650146,5575,4.4418554
2248,270,58.48999023,5568,4.7980895
2249,280,59.29107666,5754,4.3881893
2250,290,58.68682861,5917,4.190601
2251,300,58.85009766,5812,4.073023
2252,310,59.05151367,5589,4.1327176
2253,320,58.79211426,5500,3.9878578
2254,330,58.20465088,5626,3.9635923
2255,340,58.30383301,5638,3.7894769
2256,350,58.75701904,5590,3.8198023
2257,360,58.46252441,5569,3.9308324
2258,0,64.7857666,4704,7.965178
2259,10,65.82183838,4814,7.693524
2260,20,65.66467285,4898,7.5805793
2261,30,65.45715332,4903,7.512648
2262,40,65.90423584,4733,7.6902175
2263,50,65.63720703,4774,7.6897883
2264,60,64.67437744,4860,7.5328164
2265,70,64.79034424,4896,7.9401855
2266,80,64.93682861,4766,7.9424996
2267,90,64.73846436,4716,8.073119
2268,100,65.7699585,4807,7.776654
2269,110,65.63262939,4897,7.524288
2270,120,65.45715332,4901,7.725533
2271,130,65.95153809,4727,7.777976
2272,140,65.62347412,4768,7.333759
2273,150,64.64538574,4853,7.043254
2274,160,64.7567749,4902,7.0929055
2275,170,64.97497559,4770,7.387942
2276,180,64.8223877,4724,7.9750743
2277,190,65.80657959,4797,7.7681823
2278,200,65.62652588,4900,7.650717
2279,210,65.52581787,4912,7.5856185
2280,220,65.96832275,4735,7.711274
2281,230,65.52886963,4739,7.6579947
2282,240,64.65301514,4848,7.5348687
2283,250,64.75067139,4882,7.923591
2284,260,64.91699219,4795,7.924699
2285,270,64.86968994,4712,8.069517
2286,280,65.86456299,4804,7.841411
2287,290,65.65551758,4900,7.571036
2288,300,65.52734375,4914,7.675534
2289,310,65.92102051,4741,7.6648617
2290,320,65.5456543,4746,7.3286257
2291,330,64.68353271,4855,7.0815797
2292,340,64.78729248,4874,7.0403876
2293,350,64.87884521,4791,7.2677355
2294,360,64.7857666,4704,7.965178
2295,0,69.25506592,3944,13.045463
2296,10,69.25048828,4090,11.9225645
2297,20,69.20623779,4108,11.30751
2298,30,69.67926025,4052,12.695102
2299,40,69.75250244,4006,12.435169
2300,50,70.0088501,3889,13.024892
2301,60,69.61975098,4018,13.473695
2302,70,68.64929199,4046,13.333699
2303,80,69.02160645,3945,13.264456
2304,90,69.19250488,3948,13.365599
2305,100,69.2779541,4078,13.323208
2306,110,69.2199707,4102,13.443946
2307,120,69.71588135,4044,13.589838
2308,130,69.79827881,4015,13.601265
2309,140,70.00579834,3872,12.870376
2310,150,69.66247559,4004,12.953106
2311,160,68.63708496,4045,12.598036
2312,170,69.05822754,3939,12.67114
2313,180,69.25201416,3948,13.000743
2314,190,69.28405762,4067,11.933848
2315,200,69.18182373,4102,11.388623
2316,210,69.75097656,4070,12.785498
2317,220,69.7769165,4010,12.30733
2318,230,69.85015869,3858,12.831545
2319,240,69.64111328,3999,13.450548
2320,250,68.55621338,4030,13.328206
2321,260,68.96972656,3966,13.4261055
2322,270,69.3145752,3944,13.430346
2323,280,69.26269531,4079,13.40691
2324,290,69.1696167,4108,13.379828
2325,300,69.71588135,4078,13.553364
2326,310,69.73266602,4001,13.507962
2327,320,69.85321045,3877,12.882522
2328,330,69.59991455,4013,13.004309
2329,340,68.57147217,4029,12.621035
2330,350,68.93310547,3972,12.567507
2331,360,69.25506592,3944,13.045463
2332,0,54.06188965,4691,4.577346
2333,10,52.95257568,4838,4.091773
2334,20,52.46276855,4879,3.9597273
2335,30,54.16717529,4769,4.456795
2336,40,54.00543213,4731,4.098623
2337,50,54.06646729,4756,4.3640227
2338,60,54.06036377,4740,4.558275
2339,70,54.17480469,4716,4.3537116
2340,80,53.11737061,4759,4.3845854
2341,90,54.04968262,4699,5.171756
2342,100,52.95715332,4819,4.1393023
2343,110,52.43835449,4858,3.8763819
2344,120,54.20074463,4759,4.2803025
2345,130,53.99169922,4696,4.3526382
2346,140,54.04205322,4764,4.4436955
2347,150,54.07867432,4749,4.3596
2348,160,54.25720215,4710,4.074691
2349,170,53.16009521,4746,4.3420815
2350,180,54.0222168,4691,4.4483647
2351,190,52.99377441,4823,4.002831
2352,200,52.48718262,4844,3.9028876
2353,210,54.17327881,4770,4.4377995
2354,220,53.93829346,4683,4.075153
2355,230,54.01763916,4744,4.391716
2356,240,54.06799316,4760,4.5747395
2357,250,54.22363281,4704,4.4444923
2358,260,53.2699585,4736,4.516241
2359,270,54.03289795,4683,5.182905
2360,280,52.99072266,4842,4.2957706
2361,290,52.51159668,4865,3.960335
2362,300,54.13970947,4780,4.2591934
2363,310,53.95050049,4718,4.3542094
2364,320,54.0435791,4736,4.5380535
2365,330,54.0512085,4751,4.434403
2366,340,54.14276123,4710,4.186685
2367,350,53.22570801,4749,4.4457703
2368,360,54.06188965,4691,4.577346
2369,0,58.94165039,3998,8.669257
2370,10,57.65380859,4215,7.381352
2371,20,57.09838867,4273,6.819213
2372,30,57.97576904,4165,7.224086
2373,40,57.52105713,4125,6.743977
2374,50,58.63952637,4088,7.2660584
2375,60,58.68377686,4055,7.390236
2376,70,59.39178467,3957,8.140386
2377,80,58.36791992,4016,8.061351
2378,90,58.96911621,3998,8.638423
2379,100,57.66296387,4193,7.8788614
2380,110,57.09838867,4261,7.5891695
2381,120,57.93762207,4173,8.005888
2382,130,57.45239258,4113,7.850675
2383,140,58.60748291,4093,8.132238
2384,150,58.66394043,4068,8.27843
2385,160,59.41772461,3963,7.831504
2386,170,58.40301514,4008,8.0761385
2387,180,58.92791748,3998,8.633587
2388,190,57.65533447,4198,7.363495
2389,200,57.10144043,4249,6.7518907
2390,210,57.89794922,4185,7.1521263
2391,220,57.4005127,4099,6.556437
2392,230,58.52508545,4070,7.148839
2393,240,58.61968994,4076,7.2586813
2394,250,59.35058594,3963,7.999851
2395,260,58.46710205,4002,8.065261
2396,270,58.90045166,3998,8.564379
2397,280,57.6461792,4220,7.903406
2398,290,57.10296631,4261,7.539457
2399,300,57.93609619,4177,7.9141817
2400,310,57.46917725,4111,7.8187394
2401,320,58.55865479,4065,8.1489725
2402,330,58.63952637,4063,8.195618
2403,340,59.32769775,3957,7.828838
2404,350,58.43048096,4010,8.116325
2405,360,58.94165039,3998,8.669257
2406,0,61.55395508,3736,11.218589
2407,10,60.77423096,3910,10.227996
2408,20,60.23254395,3895,10.127357
2409,30,61.47460938,3899,10.208649
2410,40,61.88354492,3774,10.056207
2411,50,61.79656982,3870,10.312004
2412,60,61.08703613,3791,10.599674
2413,70,61.13891602,3765,10.142688
2414,80,60.16082764,3837,9.992017
2415,90,61.55853271,3738,11.086366
2416,100,60.78338623,3888,10.931574
2417,110,60.1852417,3888,10.63264
2418,120,61.40136719,3908,10.80797
2419,130,61.78131104,3764,10.708591
2420,140,61.71722412,3874,10.850642
2421,150,61.09466553,3798,10.812144
2422,160,61.15722656,3772,10.78986
2423,170,60.17303467,3830,10.5525875
2424,180,61.48834229,3738,11.202156
2425,190,60.81085205,3892,10.37134
2426,200,60.19287109,3876,10.154336
2427,210,61.42730713,3906,10.232053
2428,220,61.73706055,3751,10.039758
2429,230,61.64245605,3857,10.243675
2430,240,61.12060547,3809,10.588811
2431,250,61.09008789,3778,10.075273
2432,260,60.21270752,3823,10.029415
2433,270,61.48376465,3736,11.109746
2434,280,60.80169678,3914,11.049407
2435,290,60.24017334,3883,10.683218
2436,300,61.50054932,3897,10.852887
2437,310,61.83929443,3761,10.712626
2438,320,61.72180176,3853,10.789383
2439,330,61.11297607,3802,10.728285
2440,340,61.0748291,3771,10.718628
2441,350,60.19897461,3830,10.432057
2442,360,61.55395508,3736,11.218589
2443,0,49.6963501,4172,5.822817
2444,10,48.55957031,4231,4.9584293
2445,20,47.83477783,4201,4.2390165
2446,30,48.84033203,4234,4.2433023
2447,40,50.50201416,4111,4.2521615
2448,50,50.25634766,4171,4.335209
2449,60,50.4486084,4090,4.146924
2450,70,50.45623779,4136,3.8301997
2451,80,49.47662354,4193,3.8476748
2452,90,49.76654053,4176,3.750284
2453,100,48.60534668,4233,3.351199
2454,110,47.93395996,4185,3.6296382
2455,120,48.84338379,4238,4.307993
2456,130,50.56762695,4123,4.4559946
2457,140,50.32348633,4190,4.1529355
2458,150,50.48065186,4106,5.2067447
2459,160,50.49591064,4150,5.4423995
2460,170,49.54071045,4193,5.453183
2461,180,49.7543335,4174,5.9833727
2462,190,48.6328125,4248,5.0317664
2463,200,47.91564941,4201,4.3164573
2464,210,48.82202148,4237,4.3246408
2465,220,50.57067871,4118,4.35121
2466,230,50.32806396,4181,4.4505615
2467,240,50.52185059,4101,4.2054214
2468,250,50.46844482,4149,3.963858
2469,260,49.559021,4184,3.807428
2470,270,49.68414307,4170,3.6458616
2471,280,48.5824585,4248,3.3354125
2472,290,47.81341553,4217,3.5887127
2473,300,48.81896973,4233,4.1741304
2474,310,50.5065918,4106,4.411554
2475,320,50.26092529,4162,3.8031695
2476,330,50.48980713,4085,4.942499
2477,340,50.42724609,4135,5.323157
2478,350,49.49798584,4184,5.286624
2479,360,49.6963501,4172,5.822817
2480,0,55.73120117,3652,10.543974
2481,10,55.49316406,3733,9.886998
2482,20,54.78820801,3621,10.12871
2483,30,55.70220947,3614,10.398856
2484,40,56.65130615,3664,10.484922
2485,50,56.55670166,3619,11.960996
2486,60,55.76019287,3607,11.875388
2487,70,55.27191162,3707,11.030681
2488,80,54.51812744,3791,10.332863
2489,90,55.79528809,3656,10.803902
2490,100,55.50537109,3732,10.403476
2491,110,54.82635498,3625,9.120313
2492,120,55.71899414,3615,10.26064
2493,130,56.69250488,3671,10.475253
2494,140,56.68487549,3626,9.798042
2495,150,55.83343506,3602,9.981922
2496,160,55.29785156,3720,9.239479
2497,170,54.61120605,3789,9.93282
2498,180,55.80444336,3656,10.648255
2499,190,55.56793213,3736,9.904092
2500,200,54.79431152,3628,10.067725
2501,210,55.69763184,3607,10.379654
2502,220,56.66656494,3659,10.334205
2503,230,56.69708252,3616,11.8783
2504,240,55.88989258,3597,11.775582
2505,250,55.2734375,3717,10.924079
2506,260,54.67224121,3794,10.241413
2507,270,55.74035645,3652,10.718446
2508,280,55.5557251,3737,10.375672
2509,290,54.75463867,3624,9.075184
2510,300,55.67932129,3606,10.223199
2511,310,56.62536621,3653,10.545856
2512,320,56.56738281,3608,9.750358
2513,330,55.81665039,3602,10.016377
2514,340,55.24291992,3704,9.217076
2515,350,54.58679199,3796,9.904382
2516,360,55.73120117,3652,10.543974
2517,0,59.26055908,3374,14.001685
2518,10,58.6517334,3455,12.030141
2519,20,58.34197998,3310,12.674235
2520,30,58.25958252,3420,12.976962
2521,40,59.25598145,3388,13.140091
2522,50,58.39385986,3416,13.305113
2523,60,57.13806152,3519,12.695856
2524,70,58.10241699,3447,12.915693
2525,80,57.65228271,3517,12.697209
2526,90,59.27886963,3394,14.471388
2527,100,58.69598389,3453,13.941605
2528,110,58.40301514,3311,13.9480095
2529,120,58.24890137,3422,14.295692
2530,130,59.33227539,3395,14.412557
2531,140,58.47320557,3422,13.459465
2532,150,57.23266602,3507,13.098989
2533,160,58.14208984,3446,11.82999
2534,170,57.75756836,3515,12.695014
2535,180,59.28497314,3392,13.983804
2536,190,58.76159668,3449,12.094501
2537,200,58.3984375,3326,12.673765
2538,210,58.27026367,3421,12.960798
2539,220,59.25445557,3380,13.081995
2540,230,58.43048096,3422,13.283556
2541,240,57.25250244,3508,12.680422
2542,250,58.12072754,3440,12.959222
2543,260,57.81707764,3523,12.677984
2544,270,59.2666626,3372,14.295049
2545,280,58.71734619,3451,13.772962
2546,290,58.33435059,3325,13.849109
2547,300,58.27941895,3419,14.179067
2548,310,59.17816162,3374,14.545501
2549,320,58.34960938,3415,13.316403
2550,330,57.15789795,3520,13.03235
2551,340,58.08105469,3441,11.86437
2552,350,57.71636963,3525,12.568541
2553,360,59.26055908,3374,14.001685
2554,0,41.69464111,3123,3.3417392
2555,10,40.4800415,3239,3.2990725
2556,20,41.20025635,3252,3.3020248
2557,30,42.07000732,3309,3.286219
2558,40,42.81463623,3240,4.352572
2559,50,42.35534668,3171,4.5737996
2560,60,41.61224365,3227,5.315401
2561,70,41.6595459,3219,5.8168535
2562,80,40.64788818,3156,5.861771
2563,90,41.53747559,3124,5.7238545
2564,100,40.49377441,3230,5.4166703
2565,110,41.11022949,3270,5.4913282
2566,120,41.9921875,3301,5.2499485
2567,130,42.82226563,3240,4.691506
2568,140,42.29125977,3171,3.7108135
2569,150,41.62750244,3226,4.080079
2570,160,41.63513184,3235,3.753675
2571,170,40.55633545,3172,3.0782926
2572,180,41.41998291,3119,3.521126
2573,190,40.39459229,3240,3.5319963
2574,200,41.01715088,3283,3.5393245
2575,210,41.88232422,3277,3.5143385
2576,220,42.8527832,3241,4.6016293
2577,230,42.36602783,3174,4.7884574
2578,240,41.63665771,3217,5.374839
2579,250,41.63513184,3229,5.870579
2580,260,40.57769775,3154,5.9571657
2581,270,41.57562256,3118,5.7923837
2582,280,40.38085938,3249,5.4637213
2583,290,41.10717773,3266,5.3558216
2584,300,41.96166992,3283,5.3094187
2585,310,42.84210205,3241,4.809966
2586,320,42.42858887,3174,3.8430765
2587,330,41.61987305,3218,4.077523
2588,340,41.65649414,3213,3.9213495
2589,350,40.67230225,3138,3.1145518
2590,360,41.69464111,3123,3.3417392
2591,0,47.34039307,3133,7.902491
2592,10,46.60797119,3263,7.9899445
2593,20,46.74224854,3208,8.046132
2594,30,47.37091064,3287,8.2482815
2595,40,47.75695801,3212,9.060159
2596,50,46.76055908,3149,9.115729
2597,60,46.41723633,3259,7.9239225
2598,70,46.72241211,3242,7.3198514
2599,80,45.77484131,3139,6.8502064
2600,90,47.26104736,3132,6.8547506
2601,100,46.68121338,3252,6.833506
2602,110,46.69494629,3219,7.7709928
2603,120,47.29309082,3279,8.095529
2604,130,47.80578613,3212,9.106536
2605,140,46.74682617,3146,7.296087
2606,150,46.48132324,3254,7.699426
2607,160,46.74530029,3255,7.5778427
2608,170,45.75042725,3155,7.0843105
2609,180,47.25952148,3131,8.0857115
2610,190,46.58813477,3254,7.962817
2611,200,46.54541016,3233,8.006535
2612,210,47.1206665,3258,8.244108
2613,220,47.73101807,3214,9.124986
2614,230,46.65527344,3149,9.207381
2615,240,46.36535645,3238,8.09824
2616,250,46.65985107,3257,7.3563943
2617,260,45.69244385,3141,7.014732
2618,270,47.33734131,3132,7.061018
2619,280,46.51489258,3265,7.0240636
2620,290,46.59423828,3223,7.7737765
2621,300,47.20001221,3264,8.2513685
2622,310,47.67913818,3214,9.08485
2623,320,46.66748047,3152,7.235481
2624,330,46.29974365,3243,7.595975
2625,340,46.63085938,3244,7.625773
2626,350,45.71838379,3125,7.090634
2627,360,47.34039307,3133,7.902491
2628,0,53.34014893,2863,19.087034
2629,10,52.20794678,3057,13.775493
2630,20,51.60675049,3025,13.443336
2631,30,52.20184326,3073,11.476487
2632,40,52.6550293,2982,10.818645
2633,50,52.04315186,2899,11.585196
2634,60,52.32849121,2960,10.800347
2635,70,54.03137207,2925,11.234612
2636,80,53.36608887,2879,11.870587
2637,90,53.26843262,2866,12.472542
2638,100,52.29644775,3057,12.869766
2639,110,51.60369873,3035,14.203553
2640,120,52.11639404,3060,15.757197
2641,130,52.69775391,2971,17.431858
2642,140,51.96228027,2880,19.674675
2643,150,52.27203369,2960,18.804874
2644,160,53.9352417,2942,19.887865
2645,170,53.29742432,2880,18.730534
2646,180,53.29437256,2861,19.184917
2647,190,52.26593018,3062,13.647609
2648,200,51.52893066,3049,13.258689
2649,210,52.04467773,3037,11.513808
2650,220,52.67944336,2967,10.914851
2651,230,51.87225342,2883,11.596728
2652,240,52.13928223,2948,10.786499
2653,250,53.86962891,2943,11.128904
2654,260,53.30352783,2883,11.882482
2655,270,53.36456299,2858,12.369202
2656,280,52.17590332,3062,12.975999
2657,290,51.53198242,3040,14.112448
2658,300,52.13165283,3048,15.826598
2659,310,52.63366699,2978,17.916262
2660,320,51.95159912,2902,19.79078
2661,330,52.19421387,2948,18.659016
2662,340,53.96270752,2926,19.915976
2663,350,53.37524414,2882,18.651413
2664,360,53.34014893,2863,19.087034
2665,0,40.86303711,2892,8.730948
2666,10,42.73986816,2924,7.8989787
2667,20,44.12231445,2969,5.326685
2668,30,42.83905029,2912,5.5691714
2669,40,42.00897217,2836,6.9747486
2670,50,41.19873047,2776,6.9850254
2671,60,39.03198242,2726,5.9027133
2672,70,39.35546875,2702,6.7111015
2673,80,40.1763916,2953,6.9259233
2674,90,40.89050293,2889,7.0019565
2675,100,42.79327393,2922,9.080029
2676,110,44.09790039,2963,10.65197
2677,120,42.87719727,2909,8.906118
2678,130,41.98150635,2839,9.179554
2679,140,41.16210938,2791,9.255133
2680,150,39.14642334,2721,8.821491
2681,160,39.48974609,2699,8.739416
2682,170,40.17028809,2954,8.714913
2683,180,40.87982178,2886,9.02988
2684,190,42.74902344,2919,8.169918
2685,200,44.03991699,2963,5.716201
2686,210,43.00689697,2914,5.8409357
2687,220,41.95709229,2822,6.7675653
2688,230,41.16973877,2796,6.8344154
2689,240,39.09912109,2717,5.601444
2690,250,39.44549561,2719,6.3518047
2691,260,40.16876221,2954,6.672761
2692,270,40.85083008,2889,6.758047
2693,280,42.69561768,2921,8.935704
2694,290,44.06738281,2969,10.33938
2695,300,42.96875,2917,8.366813
2696,310,41.98760986,2819,8.7368355
2697,320,41.20941162,2781,8.8200245
2698,330,38.98468018,2722,8.457908
2699,340,39.30511475,2723,8.370353
2700,350,40.17333984,2953,8.346756
2701,360,40.86303711,2892,8.730948
2702,0,49.79858398,2539,32.309036
2703,10,50.52642822,2625,26.863861
2704,20,50.24871826,2576,26.269642
2705,30,49.3637085,2627,26.10426
2706,40,49.67346191,2539,25.324993
2707,50,49.22790527,2450,23.42763
2708,60,48.5824585,2372,21.330976
2709,70,49.98931885,2313,12.332984
2710,80,50.49743652,2485,13.107618
2711,90,49.86724854,2501,14.966579
2712,100,50.63476563,2604,15.939205
2713,110,50.2532959,2571,17.05697
2714,120,49.44458008,2617,16.307985
2715,130,49.73602295,2538,18.274061
2716,140,49.31945801,2456,17.481148
2717,150,48.80981445,2366,17.841536
2718,160,50.14343262,2310,24.454737
2719,170,50.49438477,2486,29.053345
2720,180,49.84893799,2498,32.808784
2721,190,50.59509277,2603,26.843811
2722,200,50.19989014,2568,26.290386
2723,210,49.44915771,2623,26.07058
2724,220,49.64599609,2519,25.258587
2725,230,49.27520752,2460,23.54788
2726,240,48.81591797,2364,21.337029
2727,250,50.15258789,2300,11.831833
2728,260,50.5279541,2488,12.826677
2729,270,49.77874756,2536,14.876947
2730,280,50.48828125,2624,15.821841
2731,290,50.19226074,2573,16.907368
2732,300,49.36676025,2633,16.035038
2733,310,49.58496094,2520,17.984503
2734,320,49.18670654,2454,17.273336
2735,330,48.58856201,2370,17.647083
2736,340,49.99542236,2303,23.852459
2737,350,50.53100586,2489,29.072628
2738,360,49.79858398,2539,32.309036
2739,0,50.22735596,2498,29.619055
2740,10,49.60174561,2612,28.151981
2741,20,49.85351563,2532,28.165724
2742,30,50.37689209,2529,28.175577
2743,40,51.26647949,2463,27.258242
2744,50,51.50756836,2374,25.99426
2745,60,50.09765625,2308,24.15327
2746,70,50.6072998,2256,12.647672
2747,80,51.07269287,2419,14.865571
2748,90,50.26092529,2487,16.533012
2749,100,49.68414307,2610,16.511555
2750,110,49.87335205,2528,17.289263
2751,120,50.4119873,2522,16.234911
2752,130,51.27105713,2463,18.23723
2753,140,51.59912109,2380,18.79434
2754,150,50.32501221,2302,17.204247
2755,160,50.76141357,2253,22.449158
2756,170,51.06964111,2420,25.644096
2757,180,50.18920898,2486,29.711596
2758,190,49.58496094,2612,28.09859
2759,200,49.85961914,2525,28.201635
2760,210,50.42114258,2529,28.215929
2761,220,51.222229,2461,27.358591
2762,230,51.60980225,2380,26.164547
2763,240,50.43640137,2290,24.46007
2764,250,50.85296631,2251,11.992937
2765,260,51.13830566,2417,14.589049
2766,270,50.15563965,2497,16.446293
2767,280,49.50408936,2614,16.339863
2768,290,49.84130859,2529,17.166512
2769,300,50.38604736,2536,15.9783745
2770,310,51.21917725,2461,17.931284
2771,320,51.52130127,2374,18.512486
2772,330,50.20904541,2296,17.064167
2773,340,50.69580078,2254,21.96242
2774,350,51.14135742,2418,25.73254
2775,360,50.22735596,2498,29.619055
2776,0,56.99310303,5845,3.7482626
2777,10,57.9284668,6017,3.206744
2778,20,57.5012207,6158,3.1547172
2779,30,57.69500732,5998,3.0782614
2780,40,57.85064697,5804,3.5655677
2781,50,57.59735107,5762,3.5225174
2782,60,56.94274902,5879,3.405581
2783,70,56.70166016,5975,3.399421
2784,80,57.081604,5897,3.6832151
2785,90,56.94732666,5820,4.1131334
2786,100,57.83996582,6014,3.7599986
2787,110,57.45544434,6172,3.6460533
2788,120,57.69042969,5994,3.6299512
2789,130,57.79266357,5802,3.7292705
2790,140,57.5958252,5760,3.6358519
2791,150,56.97784424,5865,3.62663
2792,160,56.76574707,5953,3.5042841
2793,170,57.0526123,5880,3.641984
2794,180,56.99310303,5817,3.7744806
2795,190,57.80639648,6007,3.1885283
2796,200,57.44628906,6173,3.1153448
2797,210,57.74688721,6012,3.0724432
2798,220,57.80792236,5811,3.5505805
2799,230,57.52563477,5724,3.5139167
2800,240,56.95037842,5868,3.4453318
2801,250,56.78405762,5937,3.423567
2802,260,57.08618164,5897,3.6609676
2803,270,57.03735352,5842,4.0659046
2804,280,57.89642334,6010,3.7490096
2805,290,57.49206543,6159,3.6161702
2806,300,57.75299072,6016,3.6089158
2807,310,57.86437988,5813,3.672282
2808,320,57.52868652,5728,3.6000905
2809,330,56.91833496,5882,3.5619211
2810,340,56.7199707,5956,3.4791386
2811,350,57.11669922,5912,3.636825
2812,360,56.99310303,5845,3.7482626
2813,0,64.06555176,4852,7.328405
2814,10,65.10620117,4966,6.9786105
2815,20,65.02380371,5045,6.885509
2816,30,64.92919922,5033,6.798001
2817,40,65.39001465,4853,6.927561
2818,50,65.08026123,4903,6.8001213
2819,60,63.98620605,5007,6.5144653
2820,70,64.07012939,5049,7.0554805
2821,80,64.21508789,4919,6.992132
2822,90,64.01824951,4864,7.21339
2823,100,65.05432129,4959,7.1623516
2824,110,65.01312256,5042,7.137993
2825,120,64.94445801,5025,7.4045544
2826,130,65.44799805,4840,7.530132
2827,140,65.08483887,4893,7.199622
2828,150,63.97399902,5000,6.8788977
2829,160,64.03656006,5055,6.765742
2830,170,64.25323486,4923,6.857407
2831,180,64.10217285,4872,7.350336
2832,190,65.09094238,4949,7.055338
2833,200,65.00701904,5045,6.9802628
2834,210,65.01312256,5036,6.9115233
2835,220,65.46478271,4848,6.995704
2836,230,64.99023438,4864,6.81993
2837,240,63.98162842,4995,6.5458126
2838,250,64.03045654,5035,7.0424767
2839,260,64.19525146,4948,6.9700594
2840,270,64.1494751,4860,7.2072134
2841,280,65.14892578,4956,7.219969
2842,290,65.01464844,5047,7.1767607
2843,300,64.99938965,5044,7.348456
2844,310,65.40679932,4861,7.4313307
2845,320,64.9887085,4875,7.193731
2846,330,63.99536133,5002,6.9018583
2847,340,64.06707764,5027,6.7240834
2848,350,64.15710449,4944,6.7686877
2849,360,64.06555176,4852,7.328405
2850,0,68.46160889,4100,11.340278
2851,10,68.45703125,4250,10.613763
2852,20,68.58215332,4231,10.4370775
2853,30,69.0536499,4171,12.16143
2854,40,69.12078857,4120,12.09922
2855,50,69.38323975,4003,12.739485
2856,60,68.99414063,4138,12.699273
2857,70,68.02062988,4168,12.598554
2858,80,68.27392578,4099,12.487096
2859,90,68.39904785,4104,11.934613
2860,100,68.48449707,4238,11.641268
2861,110,68.59436035,4229,11.597141
2862,120,69.090271,4163,11.649273
2863,130,69.16656494,4129,11.792024
2864,140,69.38018799,3986,11.167233
2865,150,69.03686523,4124,11.224824
2866,160,68.00842285,4167,11.042558
2867,170,68.29528809,4094,11.128729
2868,180,68.45855713,4104,11.276423
2869,190,68.49060059,4227,10.645782
2870,200,68.55621338,4229,10.545444
2871,210,69.12536621,4189,12.291047
2872,220,69.14520264,4124,11.992645
2873,230,69.22454834,3972,12.580743
2874,240,69.01550293,4119,12.6825
2875,250,67.92755127,4152,12.575153
2876,260,68.20678711,4121,12.599749
2877,270,68.52111816,4100,11.9607315
2878,280,68.46923828,4239,11.674814
2879,290,68.54553223,4231,11.5043545
2880,300,69.090271,4197,11.649826
2881,310,69.10095215,4115,11.67168
2882,320,69.2276001,3991,11.142657
2883,330,68.9743042,4133,11.195076
2884,340,67.94281006,4151,11.072014
2885,350,68.1854248,4126,11.037472
2886,360,68.46160889,4100,11.340278
2887,0,52.45666504,4907,3.9799066
2888,10,51.5045166,5054,3.6356812
2889,20,51.41601563,5094,3.5172896
2890,30,53.04107666,4955,4.091144
2891,40,52.91442871,4915,3.8612947
2892,50,52.96173096,4910,4.101196
2893,60,52.92358398,4901,4.287733
2894,70,52.85186768,4927,4.049854
2895,80,51.51519775,4982,3.9396045
2896,90,52.44445801,4915,4.46296
2897,100,51.49993896,5035,3.6980166
2898,110,51.38397217,5072,3.533808
2899,120,53.074646,4945,3.6338367
2900,130,52.9006958,4880,3.6112537
2901,140,52.93731689,4918,3.750759
2902,150,52.94036865,4914,3.6082318
2903,160,52.90374756,4924,3.4185452
2904,170,51.55792236,4969,3.720981
2905,180,52.41699219,4907,3.8358622
2906,190,51.56402588,5037,3.529471
2907,200,51.45721436,5055,3.458389
2908,210,53.07006836,4952,4.0573173
2909,220,52.8503418,4867,3.811084
2910,230,52.93273926,4898,4.0867767
2911,240,52.9296875,4925,4.2716494
2912,250,52.87017822,4918,4.098428
2913,260,51.66625977,4959,4.0534286
2914,270,52.42767334,4899,4.4937263
2915,280,51.57012939,5056,3.8220277
2916,290,51.48925781,5077,3.6413946
2917,300,53.03649902,4962,3.6697652
2918,310,52.86254883,4902,3.6715958
2919,320,52.9586792,4890,3.8989325
2920,330,52.91442871,4912,3.7297945
2921,340,52.81982422,4921,3.5480485
2922,350,51.62506104,4972,3.8475242
2923,360,52.45666504,4907,3.9799066
2924,0,58.51745605,4104,8.337669
2925,10,57.40356445,4292,7.324252
2926,20,56.77642822,4356,6.706147
2927,30,57.38067627,4257,6.8383493
2928,40,56.81152344,4226,6.4226365
2929,50,57.77435303,4198,6.880735
2930,60,57.61871338,4211,7.0466547
2931,70,58.70819092,4065,7.66069
2932,80,57.90863037,4110,7.742002
2933,90,58.50830078,4110,8.336496
2934,100,57.38220215,4275,7.8215833
2935,110,56.74285889,4346,7.504514
2936,120,57.32574463,4265,7.9146686
2937,130,56.74285889,4214,7.749888
2938,140,57.74230957,4203,8.003614
2939,150,57.57598877,4225,7.8776474
2940,160,58.73413086,4071,7.4732194
2941,170,57.94372559,4102,7.8150864
2942,180,58.45336914,4112,8.331569
2943,190,57.39746094,4279,7.2931757
2944,200,56.76574707,4331,6.6530337
2945,210,57.30438232,4274,6.796539
2946,220,56.71539307,4197,6.30169
2947,230,57.66906738,4179,6.806911
2948,240,57.53173828,4233,6.9416428
2949,250,58.69903564,4069,7.571102
2950,260,58.03985596,4093,7.7571335
2951,270,58.46405029,4106,8.31199
2952,280,57.41882324,4296,7.8457947
2953,290,56.80084229,4341,7.451869
2954,300,57.35931396,4266,7.8167276
2955,310,56.78405762,4209,7.699281
2956,320,57.70263672,4174,8.018315
2957,330,57.57446289,4220,7.8009553
2958,340,58.67614746,4063,7.4141307
2959,350,58.00323486,4101,7.819899
2960,360,58.51745605,4104,8.337669
2961,0,61.55395508,3736,11.218589
2962,10,60.77423096,3910,10.227996
2963,20,60.23254395,3895,10.127357
2964,30,61.47460938,3899,10.208649
2965,40,61.88354492,3774,10.056207
2966,50,61.79656982,3870,10.312004
2967,60,60.887146,3834,10.546096
2968,70,61.13891602,3765,10.142688
2969,80,60.16082764,3837,9.992017
2970,90,61.55853271,3738,11.086366
2971,100,60.78338623,3888,10.931574
2972,110,60.1852417,3888,10.63264
2973,120,61.40136719,3908,10.80797
2974,130,61.78131104,3764,10.708591
2975,140,61.71722412,3874,10.850642
2976,150,60.87188721,3842,10.769807
2977,160,61.15722656,3772,10.78986
2978,170,60.17303467,3830,10.5525875
2979,180,61.48834229,3738,11.202156
2980,190,60.81085205,3892,10.37134
2981,200,60.19287109,3876,10.154336
2982,210,61.42730713,3906,10.232053
2983,220,61.73706055,3751,10.039758
2984,230,61.64245605,3857,10.243675
2985,240,60.89782715,3853,10.529033
2986,250,61.09008789,3778,10.075273
2987,260,60.21270752,3823,10.029415
2988,270,61.48376465,3736,11.109746
2989,280,60.80169678,3914,11.049407
2990,290,60.24017334,3883,10.683218
2991,300,61.50054932,3897,10.852887
2992,310,61.83929443,3761,10.712626
2993,320,61.72180176,3853,10.789383
2994,330,60.91308594,3846,10.690845
2995,340,61.0748291,3771,10.718628
2996,350,60.19897461,3830,10.432057
2997,360,61.55395508,3736,11.218589
2998,0,49.12719727,4236,5.7878027
2999,10,47.99041748,4297,4.923323
3000,20,47.265625,4267,4.190155
3001,30,48.2711792,4299,4.1987357
3002,40,49.93438721,4173,4.2295775
3003,50,49.68719482,4233,4.282249
3004,60,49.87945557,4155,4.0901365
3005,70,49.88098145,4202,3.7636516
3006,80,48.9074707,4259,3.7175646
3007,90,49.1973877,4240,3.6281655
3008,100,48.03619385,4299,3.2366734
3009,110,47.36480713,4251,3.5033598
3010,120,48.27423096,4303,4.1176376
3011,130,50,4185,4.2793813
3012,140,49.7543335,4252,4.074884
3013,150,49.91149902,4171,5.1463184
3014,160,49.9206543,4216,5.3724675
3015,170,48.97155762,4259,5.415546
3016,180,49.18518066,4238,5.9384813
3017,190,48.06365967,4314,4.9816556
3018,200,47.34649658,4267,4.249177
3019,210,48.25286865,4302,4.268232
3020,220,50.00305176,4180,4.315047
3021,230,49.75891113,4243,4.3860474
3022,240,49.95269775,4166,4.129104
3023,250,49.89318848,4215,3.8759806
3024,260,48.98986816,4250,3.6692853
3025,270,49.11499023,4234,3.5173433
3026,280,48.01330566,4314,3.2086632
3027,290,47.2442627,4283,3.4534955
3028,300,48.24981689,4298,3.9953876
3029,310,49.93896484,4168,4.239749
3030,320,49.69177246,4224,3.7342243
3031,330,49.9206543,4150,4.8976774
3032,340,49.85198975,4201,5.270297
3033,350,48.92883301,4250,5.2684584
3034,360,49.12719727,4236,5.7878027
3035,0,54.94232178,3728,10.107936
3036,10,54.70275879,3810,9.276041
3037,20,54.00085449,3697,9.322826
3038,30,54.91027832,3690,9.358413
3039,40,55.85479736,3738,9.40943
3040,50,55.76934814,3693,10.677892
3041,60,54.96826172,3683,10.564497
3042,70,54.47998047,3783,9.839172
3043,80,53.72924805,3867,9.253891
3044,90,55.00640869,3732,9.852749
3045,100,54.71496582,3809,9.734781
3046,110,54.03900146,3701,8.743033
3047,120,54.92706299,3691,10.132297
3048,130,55.89599609,3745,10.396945
3049,140,55.89752197,3700,9.750799
3050,150,55.04150391,3678,9.946427
3051,160,54.50592041,3796,9.130389
3052,170,53.82232666,3865,9.669023
3053,180,55.01556396,3732,10.228567
3054,190,54.77752686,3813,9.28757
3055,200,54.00695801,3704,9.278585
3056,210,54.90570068,3683,9.345748
3057,220,55.87005615,3733,9.259365
3058,230,55.909729,3690,10.608039
3059,240,55.09796143,3673,10.470229
3060,250,54.48150635,3793,9.7369585
3061,260,53.88336182,3870,9.145676
3062,270,54.95147705,3728,9.720091
3063,280,54.76531982,3814,9.691993
3064,290,53.96728516,3700,8.66532
3065,300,54.88739014,3682,10.09986
3066,310,55.82885742,3727,10.465262
3067,320,55.7800293,3682,9.702938
3068,330,55.02471924,3678,9.983629
3069,340,54.45098877,3780,9.118698
3070,350,53.7979126,3872,9.626755
3071,360,54.94232178,3728,10.107936
3072,0,59.26055908,3374,14.001685
3073,10,58.6517334,3455,12.030141
3074,20,58.34197998,3310,12.674235
3075,30,58.25958252,3420,12.976962
3076,40,59.25598145,3388,13.140091
3077,50,58.39385986,3416,13.305113
3078,60,57.13806152,3519,12.695856
3079,70,58.10241699,3447,12.915693
3080,80,57.65228271,3517,12.697209
3081,90,59.27886963,3394,14.471388
3082,100,58.69598389,3453,13.941605
3083,110,58.40301514,3311,13.9480095
3084,120,58.24890137,3422,14.295692
3085,130,59.33227539,3395,14.412557
3086,140,58.47320557,3422,13.459465
3087,150,57.23266602,3507,13.098989
3088,160,58.14208984,3446,11.82999
3089,170,57.75756836,3515,12.695014
3090,180,59.28497314,3392,13.983804
3091,190,58.76159668,3449,12.094501
3092,200,58.3984375,3326,12.673765
3093,210,58.27026367,3421,12.960798
3094,220,59.25445557,3380,13.081995
3095,230,58.43048096,3422,13.283556
3096,240,57.25250244,3508,12.680422
3097,250,58.12072754,3440,12.959222
3098,260,57.81707764,3523,12.677984
3099,270,59.2666626,3372,14.295049
3100,280,58.71734619,3451,13.772962
3101,290,58.33435059,3325,13.849109
3102,300,58.27941895,3419,14.179067
3103,310,59.17816162,3374,14.545501
3104,320,58.34960938,3415,13.316403
3105,330,57.15789795,3520,13.03235
3106,340,58.08105469,3441,11.86437
3107,350,57.71636963,3525,12.568541
3108,360,59.26055908,3374,14.001685
3109,0,41.69464111,3123,3.3417392
3110,10,40.4800415,3239,3.2990725
3111,20,41.20025635,3252,3.3020248
3112,30,42.07000732,3309,3.286219
3113,40,42.81463623,3240,4.352572
3114,50,42.35534668,3171,4.5737996
3115,60,41.61224365,3227,5.315401
3116,70,41.6595459,3219,5.8168535
3117,80,40.64788818,3156,5.861771
3118,90,41.53747559,3124,5.7238545
3119,100,40.49377441,3230,5.4166703
3120,110,41.11022949,3270,5.4913282
3121,120,41.9921875,3301,5.2499485
3122,130,42.82226563,3240,4.691506
3123,140,42.29125977,3171,3.7108135
3124,150,41.62750244,3226,4.080079
3125,160,41.63513184,3235,3.753675
3126,170,40.55633545,3172,3.0782926
3127,180,41.41998291,3119,3.521126
3128,190,40.39459229,3240,3.5319963
3129,200,41.01715088,3283,3.5393245
3130,210,41.88232422,3277,3.5143385
3131,220,42.8527832,3241,4.6016293
3132,230,42.36602783,3174,4.7884574
3133,240,41.63665771,3217,5.374839
3134,250,41.63513184,3229,5.870579
3135,260,40.57769775,3154,5.9571657
3136,270,41.57562256,3118,5.7923837
3137,280,40.38085938,3249,5.4637213
3138,290,41.10717773,3266,5.3558216
3139,300,41.96166992,3283,5.3094187
3140,310,42.84210205,3241,4.809966
3141,320,42.42858887,3174,3.8430765
3142,330,41.61987305,3218,4.077523
3143,340,41.65649414,3213,3.9213495
3144,350,40.67230225,3138,3.1145518
3145,360,41.69464111,3123,3.3417392
3146,0,47.34039307,3133,7.902491
3147,10,46.60797119,3263,7.9899445
3148,20,46.74224854,3208,8.046132
3149,30,47.37091064,3287,8.2482815
3150,40,47.75695801,3212,9.060159
3151,50,46.76055908,3149,9.115729
3152,60,46.41723633,3259,7.9239225
3153,70,46.72241211,3242,7.3198514
3154,80,45.77484131,3139,6.8502064
3155,90,47.26104736,3132,6.8547506
3156,100,46.68121338,3252,6.833506
3157,110,46.69494629,3219,7.7709928
3158,120,47.29309082,3279,8.095529
3159,130,47.80578613,3212,9.106536
3160,140,46.74682617,3146,7.296087
3161,150,46.48132324,3254,7.699426
3162,160,46.74530029,3255,7.5778427
3163,170,45.75042725,3155,7.0843105
3164,180,47.25952148,3131,8.0857115
3165,190,46.58813477,3254,7.962817
3166,200,46.54541016,3233,8.006535
3167,210,47.1206665,3258,8.244108
3168,220,47.73101807,3214,9.124986
3169,230,46.65527344,3149,9.207381
3170,240,46.36535645,3238,8.09824
3171,250,46.65985107,3257,7.3563943
3172,260,45.69244385,3141,7.014732
3173,270,47.33734131,3132,7.061018
3174,280,46.51489258,3265,7.0240636
3175,290,46.59423828,3223,7.7737765
3176,300,47.20001221,3264,8.2513685
3177,310,47.67913818,3214,9.08485
3178,320,46.66748047,3152,7.235481
3179,330,46.29974365,3243,7.595975
3180,340,46.63085938,3244,7.625773
3181,350,45.71838379,3125,7.090634
3182,360,47.34039307,3133,7.902491
3183,0,52.394104,2967,17.485743
3184,10,51.27716064,3140,11.813093
3185,20,50.68054199,3108,11.790319
3186,30,51.27105713,3156,10.723123
3187,40,51.47247314,3113,10.601591
3188,50,51.11083984,2980,11.615107
3189,60,51.2512207,3089,10.7498865
3190,70,52.28729248,3092,11.015636
3191,80,51.8951416,3035,11.660529
3192,90,52.33917236,2946,12.446677
3193,100,51.36566162,3140,12.864266
3194,110,50.67749023,3118,14.212085
3195,120,51.18560791,3143,15.791225
3196,130,51.53198242,3100,17.068445
3197,140,51.02996826,2961,19.580795
3198,150,51.22833252,3086,17.545732
3199,160,52.22473145,3109,17.404072
3200,170,51.82647705,3036,17.041897
3201,180,52.3651123,2941,17.691193
3202,190,51.33514404,3145,11.615023
3203,200,50.60272217,3132,11.565802
3204,210,51.1138916,3120,10.695841
3205,220,51.5411377,3094,10.648473
3206,230,50.93994141,2964,11.623298
3207,240,51.09558105,3074,10.734229
3208,250,52.15911865,3110,10.908281
3209,260,51.79138184,3040,11.55812
3210,270,52.41851807,2962,12.32947
3211,280,51.24511719,3145,12.960871
3212,290,50.60577393,3123,14.110596
3213,300,51.2008667,3131,15.8257675
3214,310,51.48010254,3107,17.5812
3215,320,51.01928711,2983,19.69864
3216,330,51.11694336,3077,17.537857
3217,340,52.21862793,3093,17.556684
3218,350,51.86309814,3039,17.098873
3219,360,52.394104,2967,17.485743
3220,0,40.86303711,2892,8.730948
3221,10,42.73986816,2924,7.8989787
3222,20,44.12231445,2969,5.326685
3223,30,42.83905029,2912,5.5691714
3224,40,42.00897217,2836,6.9747486
3225,50,41.19873047,2776,6.9850254
3226,60,39.03198242,2726,5.9027133
3227,70,39.35546875,2702,6.7111015
3228,80,40.1763916,2953,6.9259233
3229,90,40.89050293,2889,7.0019565
3230,100,42.79327393,2922,9.080029
3231,110,44.09790039,2963,10.65197
3232,120,42.87719727,2909,8.906118
3233,130,41.98150635,2839,9.179554
3234,140,41.16210938,2791,9.255133
3235,150,39.14642334,2721,8.821491
3236,160,39.48974609,2699,8.739416
3237,170,40.17028809,2954,8.714913
3238,180,40.87982178,2886,9.02988
3239,190,42.74902344,2919,8.169918
3240,200,44.03991699,2963,5.716201
3241,210,43.00689697,2914,5.8409357
3242,220,41.95709229,2822,6.7675653
3243,230,41.16973877,2796,6.8344154
3244,240,39.09912109,2717,5.601444
3245,250,39.44549561,2719,6.3518047
3246,260,40.16876221,2954,6.672761
3247,270,40.85083008,2889,6.758047
3248,280,42.69561768,2921,8.935704
3249,290,44.06738281,2969,10.33938
3250,300,42.96875,2917,8.366813
3251,310,41.98760986,2819,8.7368355
3252,320,41.20941162,2781,8.8200245
3253,330,38.98468018,2722,8.457908
3254,340,39.30511475,2723,8.370353
3255,350,40.17333984,2953,8.346756
3256,360,40.86303711,2892,8.730948
3257,0,49.79858398,2539,32.309036
3258,10,50.52642822,2625,26.863861
3259,20,50.24871826,2576,26.269642
3260,30,49.3637085,2627,26.10426
3261,40,49.67346191,2539,25.324993
3262,50,49.22790527,2450,23.42763
3263,60,48.5824585,2372,21.330976
3264,70,49.98931885,2313,12.332984
3265,80,50.49743652,2485,13.107618
3266,90,49.86724854,2501,14.966579
3267,100,50.63476563,2604,15.939205
3268,110,50.2532959,2571,17.05697
3269,120,49.44458008,2617,16.307985
3270,130,49.73602295,2538,18.274061
3271,140,49.31945801,2456,17.481148
3272,150,48.80981445,2366,17.841536
3273,160,50.14343262,2310,24.454737
3274,170,50.49438477,2486,29.053345
3275,180,49.84893799,2498,32.808784
3276,190,50.59509277,2603,26.843811
3277,200,50.19989014,2568,26.290386
3278,210,49.44915771,2623,26.07058
3279,220,49.64599609,2519,25.258587
3280,230,49.27520752,2460,23.54788
3281,240,48.81591797,2364,21.337029
3282,250,50.15258789,2300,11.831833
3283,260,50.5279541,2488,12.826677
3284,270,49.77874756,2536,14.876947
3285,280,50.48828125,2624,15.821841
3286,290,50.19226074,2573,16.907368
3287,300,49.36676025,2633,16.035038
3288,310,49.58496094,2520,17.984503
3289,320,49.18670654,2454,17.273336
3290,330,48.58856201,2370,17.647083
3291,340,49.99542236,2303,23.852459
3292,350,50.53100586,2489,29.072628
3293,360,49.79858398,2539,32.309036
3294,0,50.22735596,2498,29.619055
3295,10,49.60174561,2612,28.151981
3296,20,49.85351563,2532,28.165724
3297,30,50.37689209,2529,28.175577
3298,40,51.26647949,2463,27.258242
3299,50,51.50756836,2374,25.99426
3300,60,50.09765625,2308,24.15327
3301,70,50.6072998,2256,12.647672
3302,80,51.07269287,2419,14.865571
3303,90,50.26092529,2487,16.533012
3304,100,49.68414307,2610,16.511555
3305,110,49.87335205,2528,17.289263
3306,120,50.4119873,2522,16.234911
3307,130,51.27105713,2463,18.23723
3308,140,51.59912109,2380,18.79434
3309,150,50.32501221,2302,17.204247
3310,160,50.76141357,2253,22.449158
3311,170,51.06964111,2420,25.644096
3312,180,50.18920898,2486,29.711596
3313,190,49.58496094,2612,28.09859
3314,200,49.85961914,2525,28.201635
3315,210,50.42114258,2529,28.215929
3316,220,51.222229,2461,27.358591
3317,230,51.60980225,2380,26.164547
3318,240,50.43640137,2290,24.46007
3319,250,50.85296631,2251,11.992937
3320,260,51.13830566,2417,14.589049
3321,270,50.15563965,2497,16.446293
3322,280,49.50408936,2614,16.339863
3323,290,49.84130859,2529,17.166512
3324,300,50.38604736,2536,15.9783745
3325,310,51.21917725,2461,17.931284
3326,320,51.52130127,2374,18.512486
3327,330,50.20904541,2296,17.064167
3328,340,50.69580078,2254,21.96242
3329,350,51.14135742,2418,25.73254
3330,360,50.22735596,2498,29.619055
3331,0,56.58111572,5052,5.177445
3332,10,55.34820557,5112,4.604434
3333,20,54.82025146,5099,4.3018923
3334,30,55.37719727,5083,4.2652364
3335,40,55.92956543,4982,4.0569615
3336,50,57.46917725,4992,3.9285426
3337,60,56.16912842,5109,3.9028642
3338,70,56.4743042,5215,4.113627
3339,80,55.97076416,5063,4.6649027
3340,90,56.50482178,5077,4.883578
3341,100,55.37261963,5110,4.8567734
3342,110,54.8034668,5100,5.0810933
3343,120,55.38635254,5085,5.140954
3344,130,55.94482422,4981,5.107061
3345,140,57.51495361,4980,5.3333707
3346,150,56.17218018,5114,4.99088
3347,160,56.52008057,5222,5.1994834
3348,170,56.03179932,5053,5.1204815
3349,180,56.45294189,5086,5.1136694
3350,190,55.43212891,5112,4.6138735
3351,200,54.7454834,5114,4.255489
3352,210,55.41534424,5073,4.260683
3353,220,55.90362549,4979,4.020802
3354,230,57.46765137,4976,3.842892
3355,240,56.20269775,5117,3.86699
3356,250,56.48803711,5219,4.0202413
3357,260,56.15234375,5040,4.671653
3358,270,56.53076172,5061,4.81443
3359,280,55.40924072,5115,4.8367987
3360,290,54.76379395,5113,5.092066
3361,300,55.40771484,5071,5.1688375
3362,310,55.88531494,4980,5.0964923
3363,320,57.42034912,4990,5.3459196
3364,330,56.19812012,5112,5.0118337
3365,340,56.44226074,5213,5.1971536
3366,350,56.09893799,5050,5.178687
3367,360,56.58111572,5052,5.177445
3368,0,62.5,4202,8.055609
3369,10,61.26556396,4260,7.506059
3370,20,60.39733887,4203,7.4775352
3371,30,61.30065918,4255,8.38951
3372,40,61.80419922,4208,8.580233
3373,50,62.90130615,4239,8.765694
3374,60,62.0880127,4337,8.706064
3375,70,62.8616333,4413,9.8517475
3376,80,62.01477051,4287,10.027883
3377,90,62.49084473,4229,10.70796
3378,100,61.31439209,4257,9.562441
3379,110,60.40649414,4203,9.798838
3380,120,61.36627197,4261,9.287438
3381,130,61.79504395,4218,8.059197
3382,140,62.91656494,4223,8.5078
3383,150,62.06665039,4347,8.044383
3384,160,62.87994385,4426,7.7549996
3385,170,62.059021,4284,8.167027
3386,180,62.48779297,4231,8.0476885
3387,190,61.3861084,4261,7.561338
3388,200,60.4309082,4209,7.4611645
3389,210,61.39068604,4255,8.332936
3390,220,61.73400879,4217,8.507803
3391,230,62.86621094,4212,8.747714
3392,240,62.08496094,4350,8.591723
3393,250,62.80212402,4427,9.718286
3394,260,62.11395264,4269,9.953692
3395,270,62.49542236,4204,10.606432
3396,280,61.33880615,4265,9.62173
3397,290,60.42327881,4209,9.827947
3398,300,61.32659912,4249,9.32621
3399,310,61.74163818,4207,8.092439
3400,320,62.85095215,4228,8.638451
3401,330,62.10479736,4340,8.10875
3402,340,62.78381348,4414,7.763908
3403,350,62.07733154,4272,8.1627245
3404,360,62.5,4202,8.055609
3405,0,67.05932617,3674,13.45845
3406,10,65.88592529,3713,13.205124
3407,20,64.60113525,3694,12.818199
3408,30,65.49987793,3747,13.027512
3409,40,66.41387939,3764,13.268054
3410,50,67.628479,3777,13.8166
3411,60,66.796875,3851,13.8338175
3412,70,67.09289551,3909,13.92976
3413,80,66.2399292,3835,13.882033
3414,90,67.09442139,3696,14.627861
3415,100,65.92407227,3703,13.817331
3416,110,64.56298828,3699,12.15936
3417,120,65.51971436,3757,11.870149
3418,130,66.48712158,3759,11.327236
3419,140,67.60406494,3762,12.164054
3420,150,66.77703857,3854,12.144012
3421,160,67.14630127,3919,12.166535
3422,170,66.28875732,3832,12.672385
3423,180,67.07458496,3698,13.303893
3424,190,65.95611572,3711,13.210702
3425,200,64.56604004,3704,12.755627
3426,210,65.51818848,3739,12.913113
3427,220,66.3482666,3769,13.206
3428,230,67.60559082,3754,13.931791
3429,240,66.81671143,3854,13.7910595
3430,250,67.12188721,3917,13.870703
3431,260,66.36962891,3814,13.852319
3432,270,67.03948975,3676,14.599034
3433,280,65.91949463,3722,13.89854
3434,290,64.60571289,3699,12.215675
3435,300,65.49987793,3729,11.847643
3436,310,66.27349854,3774,11.343794
3437,320,67.63000488,3769,12.376055
3438,330,66.83654785,3851,12.266831
3439,340,67.07000732,3907,12.193564
3440,350,66.3269043,3817,12.760923
3441,360,67.05932617,3674,13.45845
3442,0,47.80883789,3982,4.4776597
3443,10,47.87445068,4145,4.451196
3444,20,47.89123535,4090,4.229907
3445,30,46.62017822,4058,4.217471
3446,40,45.6237793,4064,3.4085968
3447,50,45.17364502,4116,3.281334
3448,60,44.76623535,4057,3.0456545
3449,70,45.3414917,4111,3.0716558
3450,80,46.8170166,4075,3.0744877
3451,90,47.83477783,3978,3.2874691
3452,100,47.9019165,4130,3.5076683
3453,110,47.85003662,4097,3.5648038
3454,120,46.59118652,4052,3.6416767
3455,130,45.71075439,4060,3.7816908
3456,140,45.24078369,4108,3.4759464
3457,150,44.78607178,4058,3.7696917
3458,160,45.40557861,4101,3.957886
3459,170,46.92230225,4074,4.069988
3460,180,47.78289795,3990,4.47918
3461,190,47.94921875,4119,4.417141
3462,200,47.94311523,4083,4.222513
3463,210,46.57897949,4070,4.2386813
3464,220,45.72601318,4051,3.307311
3465,230,45.27740479,4099,3.0547662
3466,240,44.79522705,4060,2.8363404
3467,250,45.36743164,4086,2.8621418
3468,260,46.92840576,4056,2.8906085
3469,270,47.75695801,3994,3.111525
3470,280,47.92633057,4134,3.2521894
3471,290,47.98583984,4076,3.3528259
3472,300,46.60797119,4076,3.486593
3473,310,45.64056396,4055,3.6884708
3474,320,45.20721436,4107,3.3557773
3475,330,44.7769165,4057,3.6198845
3476,340,45.30487061,4097,3.9176428
3477,350,46.824646,4057,4.0402193
3478,360,47.80883789,3982,4.4776597
3479,0,52.07214355,3492,8.238206
3480,10,52.07519531,3682,8.060491
3481,20,52.30712891,3720,7.8739047
3482,30,52.05078125,3601,8.068288
3483,40,51.62658691,3621,8.742028
3484,50,50.48217773,3686,9.266468
3485,60,49.38659668,3551,9.361676
3486,70,50.18310547,3607,9.677479
3487,80,51.60064697,3528,9.999776
3488,90,52.14538574,3484,9.619713
3489,100,52.18505859,3659,8.829059
3490,110,52.31781006,3715,8.622366
3491,120,52.05841064,3598,7.7311273
3492,130,51.70440674,3618,7.6486573
3493,140,50.51879883,3676,7.365771
3494,150,49.3927002,3550,7.970816
3495,160,50.20904541,3594,7.6247263
3496,170,51.64642334,3526,7.9337234
3497,180,52.03857422,3496,8.263378
3498,190,52.20031738,3650,8.031229
3499,200,52.41394043,3715,7.89407
3500,210,52.02789307,3613,8.057803
3501,220,51.69677734,3630,8.713777
3502,230,50.55236816,3681,9.285905
3503,240,49.4354248,3568,9.409199
3504,250,50.14953613,3590,9.68659
3505,260,51.62200928,3505,9.965519
3506,270,51.96533203,3504,9.5397415
3507,280,52.09655762,3673,8.6266775
3508,290,52.40631104,3720,8.499379
3509,300,52.02026367,3616,7.7011285
3510,310,51.6204834,3633,7.573612
3511,320,50.51422119,3691,7.2991405
3512,330,49.43084717,3567,7.905286
3513,340,50.12664795,3603,7.560154
3514,350,51.57775879,3510,7.879322
3515,360,52.07214355,3492,8.238206
3516,0,55.76324463,3261,12.666786
3517,10,56.47735596,3247,12.282855
3518,20,57.96356201,3253,11.984423
3519,30,55.92041016,3306,11.107595
3520,40,54.78363037,3362,10.068518
3521,50,54.87823486,3328,10.98929
3522,60,54.06341553,3220,10.800364
3523,70,54.49829102,3278,11.089431
3524,80,55.97076416,3137,11.419283
3525,90,55.77697754,3258,11.505304
3526,100,56.53381348,3220,12.126667
3527,110,57.90405273,3254,12.822424
3528,120,55.85327148,3309,12.04266
3529,130,54.82177734,3365,12.270911
3530,140,54.98657227,3312,12.664442
3531,150,54.03442383,3224,13.770551
3532,160,54.4418335,3277,11.796067
3533,170,55.96313477,3136,13.476726
3534,180,55.66101074,3270,12.841271
3535,190,56.46057129,3211,12.425945
3536,200,57.92999268,3256,12.153235
3537,210,55.82885742,3324,11.2363825
3538,220,54.85534668,3367,10.234291
3539,230,55.07507324,3317,11.200524
3540,240,54.04968262,3224,10.867873
3541,250,54.42657471,3277,11.227635
3542,260,55.93109131,3128,11.466433
3543,270,55.64880371,3273,11.570149
3544,280,56.40563965,3238,12.196861
3545,290,57.98797607,3255,12.897932
3546,300,55.89599609,3321,12.124665
3547,310,54.81719971,3364,12.309314
3548,320,54.96520996,3333,12.589211
3549,330,54.08172607,3218,13.8113165
3550,340,54.48303223,3278,11.668851
3551,350,55.94177246,3130,13.329891
3552,360,55.76324463,3261,12.666786
3553,0,47.09777832,3416,5.613414
3554,10,47.18322754,3460,4.98354
3555,20,46.89025879,3435,5.1155167
3556,30,47.01385498,3474,6.5225954
3557,40,47.49450684,3556,7.060465
3558,50,45.55511475,3380,7.4620476
3559,60,45.7824707,3395,7.501297
3560,70,47.09777832,3510,7.499094
3561,80,47.03674316,3430,7.2206326
3562,90,47.06573486,3410,7.2551966
3563,100,47.14813232,3438,6.539555
3564,110,46.94366455,3417,6.7289114
3565,120,46.9329834,3486,7.3631463
3566,130,47.5402832,3545,7.685501
3567,140,45.64208984,3383,7.0778275
3568,150,45.76721191,3405,7.172078
3569,160,47.06726074,3511,6.7627106
3570,170,46.96655273,3435,6.6934404
3571,180,46.91925049,3416,5.6898875
3572,190,47.11151123,3437,5.225455
3573,200,47.01538086,3425,5.411531
3574,210,46.81854248,3464,6.5118074
3575,220,47.46704102,3541,6.999809
3576,230,45.56427002,3381,7.3571677
3577,240,45.61767578,3418,7.49374
3578,250,47.12371826,3514,7.4055967
3579,260,46.8963623,3431,7.1259665
3580,270,46.94976807,3422,7.256002
3581,280,47.14813232,3460,6.5943747
3582,290,46.96044922,3441,6.715749
3583,300,46.90093994,3452,7.4096518
3584,310,47.42126465,3552,7.711645
3585,320,45.47729492,3378,6.9306803
3586,330,45.63446045,3408,6.861786
3587,340,47.15576172,3513,6.5615797
3588,350,46.96655273,3426,6.664954
3589,360,47.09777832,3416,5.613414
3590,0,52.27508545,2906,10.311994
3591,10,51.77612305,2942,9.152386
3592,20,50.5355835,2968,9.239659
3593,30,50.45471191,3027,8.997929
3594,40,50.31738281,3171,8.93182
3595,50,48.21777344,3083,9.027096
3596,60,48.87542725,3085,8.765459
3597,70,50.50354004,3148,8.640867
3598,80,50.90484619,3003,7.785994
3599,90,52.23693848,2899,7.860467
3600,100,51.72729492,2919,8.457987
3601,110,50.59204102,2954,8.001112
3602,120,50.45471191,3032,8.044308
3603,130,50.38299561,3160,8.284392
3604,140,48.3215332,3084,8.078422
3605,150,48.90441895,3087,8.564411
3606,160,50.49591064,3159,8.356622
3607,170,50.84533691,3008,9.544596
3608,180,52.0111084,2911,10.208089
3609,190,51.68304443,2919,9.036937
3610,200,50.60424805,2968,9.204743
3611,210,50.3036499,3051,8.811751
3612,220,50.25939941,3163,8.973258
3613,230,48.23760986,3085,9.082698
3614,240,48.72894287,3101,8.838689
3615,250,50.55847168,3162,8.632006
3616,260,50.75073242,3013,7.76535
3617,270,52.04620361,2918,7.870128
3618,280,51.73339844,2941,8.599874
3619,290,50.54626465,2980,7.781021
3620,300,50.30517578,3046,7.945047
3621,310,50.1953125,3174,8.147131
3622,320,48.1338501,3084,7.8865695
3623,330,48.70147705,3099,8.284893
3624,340,50.56762695,3151,8.247627
3625,350,50.81481934,3008,9.613331
3626,360,52.27508545,2906,10.311994
3627,0,56.0333252,2548,21.632368
3628,10,55.32684326,2664,17.711796
3629,20,54.30450439,2643,18.025126
3630,30,54.71801758,2679,18.010157
3631,40,55.14678955,2745,18.694239
3632,50,52.99224854,2678,19.857727
3633,60,53.09143066,2682,20.25425
3634,70,54.4052124,2770,19.522245
3635,80,54.75006104,2674,18.837692
3636,90,56.00280762,2540,19.025383
3637,100,55.27648926,2641,19.278692
3638,110,54.36096191,2629,20.109093
3639,120,54.71801758,2684,20.113447
3640,130,55.29174805,2731,19.07048
3641,140,53.05938721,2681,17.036663
3642,150,53.08074951,2693,17.253716
3643,160,54.38995361,2783,16.281769
3644,170,54.68902588,2678,18.468462
3645,180,55.79376221,2551,21.5137
3646,190,55.25054932,2641,17.781055
3647,200,54.33959961,2646,18.018734
3648,210,54.54711914,2687,17.79111
3649,220,55.18493652,2733,18.845854
3650,230,52.97546387,2682,19.86924
3651,240,52.91137695,2699,20.155104
3652,250,54.45251465,2787,19.395046
3653,260,54.59136963,2683,18.875448
3654,270,55.82275391,2559,19.044416
3655,280,55.30090332,2664,19.389925
3656,290,54.28161621,2658,19.824608
3657,300,54.54864502,2682,20.07491
3658,310,55.04150391,2747,18.922335
3659,320,52.9083252,2679,17.00985
3660,330,52.92358398,2688,17.208086
3661,340,54.46777344,2774,15.9810915
3662,350,54.66003418,2679,18.358063
3663,360,56.0333252,2548,21.632368
3664,0,47.21069336,3317,6.6843233
3665,10,46.60644531,3524,6.212344
3666,20,46.52862549,3537,6.169283
3667,30,45.77789307,3352,6.9428196
3668,40,46.7010498,3337,6.7538
3669,50,47.55706787,3327,6.899789
3670,60,47.89123535,3421,6.7876816
3671,70,46.82159424,3437,6.739872
3672,80,47.23815918,3451,7.147976
3673,90,47.19390869,3336,6.615614
3674,100,46.61407471,3520,5.504188
3675,110,46.48284912,3535,4.671444
3676,120,45.79925537,3325,3.0483599
3677,130,46.73461914,3341,4.2852945
3678,140,47.52197266,3334,6.701374
3679,150,47.996521,3413,7.4736004
3680,160,46.925354,3453,6.2405205
3681,170,47.32818604,3466,6.3512497
3682,180,47.19238281,3342,6.4051814
3683,190,46.58508301,3519,6.110804
3684,200,46.51641846,3538,6.1423225
3685,210,45.88012695,3320,7.0419116
3686,220,46.73919678,3328,6.6956325
3687,230,47.45330811,3322,6.71896
3688,240,47.96600342,3400,6.6273203
3689,250,46.96807861,3444,6.626009
3690,260,47.34344482,3478,6.955351
3691,270,47.20916748,3323,6.3574805
3692,280,46.58660889,3523,5.2402306
3693,290,46.56219482,3540,4.2822776
3694,300,45.86029053,3347,2.4616368
3695,310,46.70410156,3324,3.5190158
3696,320,47.48535156,3315,6.4059987
3697,330,47.85919189,3408,7.5002484
3698,340,46.86584473,3429,6.614504
3699,350,47.25189209,3461,6.5918365
3700,360,47.21069336,3317,6.6843233
3701,0,50.15106201,3087,13.2552805
3702,10,49.28283691,3265,12.136544
3703,20,49.77111816,3266,10.713644
3704,30,50.51116943,3023,11.576804
3705,40,52.52380371,2908,12.317461
3706,50,53.40576172,2883,12.345282
3707,60,52.34375,3056,10.201089
3708,70,50.32501221,3112,9.206625
3709,80,50.3036499,3164,7.8357096
3710,90,50.12359619,3084,8.591513
3711,100,49.23248291,3261,8.462351
3712,110,49.65820313,3265,8.64881
3713,120,50.4989624,2994,12.732697
3714,130,52.49481201,2910,15.414686
3715,140,53.30963135,2890,17.171202
3716,150,52.34222412,3051,16.452045
3717,160,50.38452148,3129,16.13309
3718,170,50.35247803,3187,13.850446
3719,180,50.09613037,3098,13.16968
3720,190,49.16534424,3266,12.101004
3721,200,49.66430664,3258,10.625026
3722,210,50.51422119,2990,11.373048
3723,220,52.4597168,2894,12.32181
3724,230,53.24401855,2892,12.239029
3725,240,52.29797363,3039,10.393586
3726,250,50.43029785,3125,9.11828
3727,260,50.40740967,3200,7.632856
3728,270,50.12359619,3101,8.295904
3729,280,49.22637939,3270,8.171222
3730,290,49.78027344,3259,8.638708
3731,300,50.52947998,3019,13.30019
3732,310,52.48718262,2892,15.505579
3733,320,53.33862305,2885,17.245958
3734,330,52.29797363,3044,16.567657
3735,340,50.37231445,3109,16.339228
3736,350,50.3616333,3175,14.028105
3737,360,50.15106201,3087,13.2552805
3738,0,54.70123291,2767,23.42709
3739,10,53.85437012,2880,22.122229
3740,20,54.78210449,2825,20.044903
3741,30,54.87060547,2627,19.934326
3742,40,56.18896484,2489,21.520077
3743,50,57.16705322,2618,23.066538
3744,60,56.79473877,2812,22.029325
3745,70,55.28564453,2700,17.084047
3746,80,54.99420166,2785,17.361565
3747,90,54.67376709,2764,17.54219
3748,100,53.79333496,2882,16.846811
3749,110,54.69207764,2826,17.085794
3750,120,54.88739014,2597,19.238142
3751,130,56.12945557,2492,20.469727
3752,140,57.06939697,2623,21.802681
3753,150,56.75811768,2809,20.394585
3754,160,55.39245605,2716,19.844315
3755,170,55.04302979,2808,17.273233
3756,180,54.65240479,2774,23.535944
3757,190,53.72161865,2890,22.21422
3758,200,54.68597412,2832,20.34611
3759,210,54.94384766,2592,20.297195
3760,220,56.15234375,2475,22.123573
3761,230,56.95037842,2613,23.076654
3762,240,56.73370361,2800,22.195635
3763,250,55.50079346,2709,17.263699
3764,260,55.12084961,2817,17.173784
3765,270,54.67987061,2777,17.38158
3766,280,53.79333496,2888,16.722616
3767,290,54.77600098,2831,16.87842
3768,300,54.93011475,2622,19.455927
3769,310,56.21185303,2472,20.73882
3770,320,57.04956055,2608,22.117577
3771,330,56.77185059,2803,20.741335
3772,340,55.39550781,2694,19.975046
3773,350,55.07354736,2792,17.767101
3774,360,54.70123291,2767,23.42709
3775,0,40.63568115,2425,8.350363
3776,10,40.17333984,2369,3.9850736
3777,20,39.0838623,2317,3.8204856
3778,30,39.03961182,2383,6.946968
3779,40,40.09857178,2353,11.94527
3780,50,40.00854492,2428,17.21478
3781,60,38.72375488,2486,19.372452
3782,70,40.31524658,2494,20.101856
3783,80,40.98968506,2491,20.252546
3784,90,40.7913208,2415,21.10716
3785,100,40.27862549,2371,21.732498
3786,110,39.21966553,2316,21.681221
3787,120,39.1998291,2385,20.738855
3788,130,40.2130127,2350,19.462889
3789,140,40.0177002,2431,17.241201
3790,150,38.70391846,2474,16.100721
3791,160,40.37628174,2488,15.322623
3792,170,41.11633301,2489,13.654994
3793,180,40.84472656,2415,8.054294
3794,190,40.32440186,2372,4.17277
3795,200,39.29443359,2307,3.8929782
3796,210,39.24713135,2383,7.084106
3797,220,40.15960693,2346,11.27203
3798,230,39.99023438,2430,17.15753
3799,240,38.67797852,2468,19.473213
3800,250,40.32440186,2473,20.306778
3801,260,40.9942627,2492,20.320454
3802,270,40.68908691,2425,21.217823
3803,280,40.21759033,2370,21.919483
3804,290,39.15710449,2309,22.055103
3805,300,39.08691406,2380,21.059975
3806,310,40.04364014,2349,19.81925
3807,320,39.97955322,2427,17.493902
3808,330,38.69781494,2480,16.268847
3809,340,40.2633667,2479,15.434269
3810,350,40.8706665,2496,13.457989
3811,360,40.63568115,2425,8.350363
3812,0,44.50531006,2219,33.38705
3813,10,43.58520508,2240,32.348038
3814,20,42.21038818,2239,31.76611
3815,30,41.96777344,2291,24.04034
3816,40,42.7947998,2254,21.034292
3817,50,42.578125,2329,18.821968
3818,60,41.32080078,2386,12.829359
3819,70,43.7713623,2328,11.242181
3820,80,44.9508667,2258,9.270618
3821,90,44.581604,2218,9.787754
3822,100,43.69049072,2242,9.701399
3823,110,42.34619141,2238,9.801734
3824,120,42.12799072,2293,9.69183
3825,130,42.9107666,2251,9.590531
3826,140,42.58728027,2332,9.318411
3827,150,41.29486084,2387,9.663612
3828,160,43.76983643,2325,25.386078
3829,170,45.05767822,2257,34.737556
3830,180,44.67468262,2216,33.321274
3831,190,43.80950928,2239,32.4457
3832,200,42.40264893,2229,31.527283
3833,210,42.13867188,2291,23.891842
3834,220,42.80700684,2245,20.917173
3835,230,42.50793457,2329,18.100405
3836,240,41.22772217,2380,12.902654
3837,250,43.6920166,2308,11.014596
3838,260,45.02563477,2256,9.320212
3839,270,44.59991455,2217,9.854895
3840,280,43.70269775,2237,9.788209
3841,290,42.2668457,2230,9.923965
3842,300,41.97845459,2288,9.845002
3843,310,42.68951416,2248,9.764749
3844,320,42.49725342,2326,9.400241
3845,330,41.25366211,2379,9.812382
3846,340,43.6920166,2311,26.202215
3847,350,44.92340088,2259,34.74699
3848,360,44.50531006,2219,33.38705
3849,0,53.50036621,2211,43.310905
3850,10,52.05230713,2150,34.352425
3851,20,50.61950684,2148,29.65756
3852,30,50.45928955,2212,24.53035
3853,40,50.76446533,2193,22.977285
3854,50,49.70397949,2236,25.654413
3855,60,48.9944458,2286,26.707987
3856,70,52.84729004,2300,26.166897
3857,80,54.36248779,2293,26.64879
3858,90,53.58428955,2216,27.45517
3859,100,52.23999023,2155,26.82791
3860,110,50.81634521,2149,25.960016
3861,120,50.62561035,2220,26.235123
3862,130,50.93536377,2190,26.055605
3863,140,49.82452393,2237,22.57724
3864,150,49.12719727,2284,20.714064
3865,160,52.91137695,2306,35.700512
3866,170,54.42199707,2295,44.208633
3867,180,53.6895752,2212,43.200317
3868,190,52.4307251,2150,34.90537
3869,200,50.91400146,2140,29.235868
3870,210,50.6362915,2218,24.129055
3871,220,50.831604,2184,22.722832
3872,230,49.74365234,2234,25.430168
3873,240,49.09057617,2278,26.658236
3874,250,52.89306641,2302,26.217178
3875,260,54.42199707,2290,26.62219
3876,270,53.60717773,2207,27.524466
3877,280,52.24304199,2145,26.607386
3878,290,50.71716309,2139,26.178743
3879,300,50.4699707,2209,26.441927
3880,310,50.65917969,2187,26.316294
3881,320,49.62158203,2233,22.597536
3882,330,48.95935059,2280,21.023722
3883,340,52.82745361,2296,36.48655
3884,350,54.36401367,2290,44.338356
3885,360,53.50036621,2211,43.310905
3886,0,55.51452637,5204,4.8926024
3887,10,54.35180664,5265,4.425192
3888,20,54.17938232,5225,4.189904
3889,30,54.77905273,5178,4.175317
3890,40,55.06744385,5139,3.8441875
3891,50,56.54602051,5156,3.5369852
3892,60,55.38635254,5244,3.4316607
3893,70,55.74035645,5371,3.5567226
3894,80,54.97283936,5216,3.97232
3895,90,55.43823242,5229,4.2006106
3896,100,54.3548584,5263,4.2621675
3897,110,54.14123535,5229,4.5445943
3898,120,54.78820801,5180,4.6892767
3899,130,55.08270264,5138,4.5663843
3900,140,56.61010742,5142,4.8073344
3901,150,55.37261963,5250,4.5746636
3902,160,55.78460693,5379,4.8676605
3903,170,55.01251221,5206,4.8316846
3904,180,55.38635254,5238,4.8183427
3905,190,54.41436768,5265,4.4245777
3906,200,54.08325195,5243,4.1449685
3907,210,54.81719971,5168,4.170307
3908,220,55.04760742,5133,3.801815
3909,230,56.56280518,5138,3.4605494
3910,240,55.40313721,5253,3.3767378
3911,250,55.75256348,5375,3.4332316
3912,260,55.13305664,5193,3.9508078
3913,270,55.46417236,5213,4.120328
3914,280,54.4128418,5268,4.1954446
3915,290,54.1229248,5239,4.5197215
3916,300,54.80957031,5166,4.6907086
3917,310,55.02929688,5134,4.5494494
3918,320,56.49719238,5154,4.777101
3919,330,55.41534424,5247,4.6099005
3920,340,55.70831299,5368,4.894495
3921,350,55.10101318,5203,4.903481
3922,360,55.51452637,5204,4.8926024
3923,0,62.1673584,4274,8.013849
3924,10,60.96191406,4332,7.4654274
3925,20,60.13793945,4271,7.4399977
3926,30,61.01989746,4324,8.370211
3927,40,61.48223877,4276,8.538744
3928,50,62.6159668,4307,8.669673
3929,60,61.77215576,4407,8.566714
3930,70,62.53051758,4488,9.597005
3931,80,61.68060303,4361,9.6224
3932,90,62.15820313,4301,10.0606165
3933,100,60.9954834,4331,9.257186
3934,110,60.12878418,4273,9.624102
3935,120,61.07025146,4330,9.162067
3936,130,61.4730835,4286,7.9615107
3937,140,62.63122559,4291,8.469503
3938,150,61.75079346,4417,8.026336
3939,160,62.54882813,4501,7.7022395
3940,170,61.72485352,4358,8.096286
3941,180,62.15515137,4303,8.005933
3942,190,61.06719971,4335,7.5302067
3943,200,60.15319824,4279,7.429715
3944,210,61.09466553,4324,8.322181
3945,220,61.42578125,4285,8.468078
3946,230,62.59918213,4278,8.658433
3947,240,61.78283691,4419,8.466417
3948,250,62.4710083,4502,9.48036
3949,260,61.77978516,4343,9.548359
3950,270,62.16278076,4276,9.951573
3951,280,61.03515625,4337,9.298306
3952,290,60.16387939,4277,9.6649685
3953,300,61.0458374,4318,9.208546
3954,310,61.43341064,4275,8.00333
3955,320,62.58392334,4294,8.595482
3956,330,61.80267334,4409,8.086375
3957,340,62.45269775,4489,7.7064867
3958,350,61.74468994,4346,8.087411
3959,360,62.1673584,4274,8.013849
3960,0,66.74957275,3747,13.237061
3961,10,65.71960449,3749,13.106468
3962,20,64.43481445,3731,12.761261
3963,30,65.33660889,3783,12.968855
3964,40,66.24908447,3799,13.194547
3965,50,67.45910645,3811,13.742262
3966,60,66.63208008,3887,13.724403
3967,70,66.92352295,3945,13.739084
3968,80,66.07513428,3872,13.680721
3969,90,66.76483154,3771,14.422942
3970,100,65.75775146,3739,13.548507
3971,110,64.39666748,3736,11.867115
3972,120,65.35644531,3793,11.594548
3973,130,66.32232666,3794,11.038364
3974,140,67.43469238,3796,11.897028
3975,150,66.61224365,3890,11.933194
3976,160,66.97692871,3955,11.973007
3977,170,66.1239624,3869,12.493195
3978,180,66.75872803,3771,13.112028
3979,190,65.78979492,3747,13.112569
3980,200,64.39971924,3741,12.700691
3981,210,65.35491943,3775,12.855613
3982,220,66.18347168,3804,13.137909
3983,230,67.43621826,3788,13.855594
3984,240,66.6519165,3890,13.686148
3985,250,66.95251465,3953,13.68714
3986,260,66.20483398,3851,13.650454
3987,270,66.74194336,3747,14.396152
3988,280,65.75317383,3758,13.632016
3989,290,64.43939209,3736,11.931456
3990,300,65.33660889,3765,11.577105
3991,310,66.10717773,3809,11.063623
3992,320,67.46063232,3803,12.101259
3993,330,66.67175293,3887,12.05426
3994,340,66.90063477,3943,11.999859
3995,350,66.16210938,3854,12.580826
3996,360,66.74957275,3747,13.237061
3997,0,46.44012451,4188,3.9435775
3998,10,46.35772705,4362,3.8212473
3999,20,46.45996094,4304,3.6542659
4000,30,45.63446045,4256,4.039248
4001,40,44.43969727,4248,3.2204785
4002,50,44.02770996,4297,3.0860045
4003,60,43.93615723,4221,2.9453897
4004,70,44.30999756,4271,2.9264343
4005,80,45.6741333,4237,2.9560733
4006,90,46.49200439,4182,3.1498964
4007,100,46.38519287,4347,3.2878695
4008,110,46.41876221,4311,3.4585156
4009,120,45.60546875,4250,3.3471286
4010,130,44.52667236,4244,3.3053124
4011,140,44.11621094,4289,3.135969
4012,150,43.97277832,4212,3.376917
4013,160,44.37408447,4261,3.5129318
4014,170,45.77941895,4236,3.5805058
4015,180,46.44012451,4194,3.9442532
4016,190,46.43249512,4336,3.760526
4017,200,46.51641846,4298,3.5875437
4018,210,45.63293457,4272,4.05592
4019,220,44.56176758,4230,3.0668833
4020,230,44.17114258,4276,2.8615105
4021,240,44.00787354,4211,2.7300029
4022,250,44.36340332,4244,2.7096083
4023,260,45.78552246,4218,2.7660642
4024,270,46.38824463,4200,2.969823
4025,280,46.40960693,4351,3.0428357
4026,290,46.55914307,4291,3.258381
4027,300,45.66192627,4278,3.1968005
4028,310,44.47631836,4234,3.181561
4029,320,44.07958984,4284,3.024484
4030,330,43.97277832,4218,3.2590928
4031,340,44.30084229,4255,3.4838493
4032,350,45.6817627,4219,3.5513685
4033,360,46.44012451,4188,3.9435775
4034,0,51.55639648,3582,7.699137
4035,10,51.39923096,3785,7.6296015
4036,20,51.65252686,3851,7.543689
4037,30,51.32598877,3711,7.9555244
4038,40,50.78582764,3730,8.091347
4039,50,49.63684082,3795,8.563262
4040,60,48.66790771,3660,9.04154
4041,70,49.75738525,3692,9.444897
4042,80,51.22070313,3582,9.777913
4043,90,51.65252686,3572,9.273578
4044,100,51.50909424,3762,8.370186
4045,110,51.66320801,3846,8.106438
4046,120,51.33361816,3708,7.0498805
4047,130,50.86364746,3727,6.796417
4048,140,49.67346191,3785,6.710072
4049,150,48.70300293,3657,7.218467
4050,160,49.8046875,3671,6.914406
4051,170,51.26647949,3580,7.3114605
4052,180,51.54571533,3584,7.69573
4053,190,51.52435303,3753,7.569897
4054,200,51.75933838,3839,7.5359445
4055,210,51.33209229,3721,7.9480844
4056,220,50.85601807,3739,8.047234
4057,230,49.70703125,3790,8.583583
4058,240,48.74572754,3675,9.060085
4059,250,49.74517822,3667,9.466498
4060,260,51.24206543,3559,9.743105
4061,270,51.44958496,3594,9.206618
4062,280,51.42059326,3776,8.206341
4063,290,51.75170898,3844,8.0266075
4064,300,51.32446289,3724,7.0395145
4065,310,50.77972412,3742,6.739801
4066,320,49.66888428,3800,6.680406
4067,330,48.7121582,3676,7.190318
4068,340,49.70092773,3688,6.886502
4069,350,51.19781494,3564,7.27282
4070,360,51.55639648,3582,7.699137
4071,0,55.53436279,3307,12.673376
4072,10,56.09893799,3301,12.325982
4073,20,57.62481689,3306,12.018742
4074,30,55.91125488,3318,11.103346
4075,40,54.78363037,3362,10.068518
4076,50,54.87823486,3328,10.98929
4077,60,54.06341553,3220,10.800364
4078,70,54.49829102,3278,11.089431
4079,80,55.97076416,3137,11.419283
4080,90,55.57403564,3302,11.447428
4081,100,56.15539551,3274,11.750659
4082,110,57.56530762,3307,12.780328
4083,120,55.84411621,3321,12.043323
4084,130,54.82177734,3365,12.270911
4085,140,54.98657227,3312,12.664442
4086,150,54.03442383,3224,13.770551
4087,160,54.4418335,3277,11.796067
4088,170,55.96313477,3136,13.476726
4089,180,55.45806885,3314,12.845456
4090,190,56.08215332,3265,12.457642
4091,200,57.57141113,3311,12.182663
4092,210,55.80444336,3346,11.224979
4093,220,54.85534668,3367,10.234291
4094,230,55.07507324,3317,11.200524
4095,240,54.04968262,3224,10.867873
4096,250,54.42657471,3277,11.227635
4097,260,55.93109131,3128,11.466433
4098,270,55.41992188,3319,11.505896
4099,280,56.02722168,3292,11.835843
4100,290,57.62939453,3310,12.806587
4101,300,55.87158203,3343,12.119936
4102,310,54.81719971,3364,12.309314
4103,320,54.96520996,3333,12.589211
4104,330,54.08172607,3218,13.8113165
4105,340,54.48303223,3278,11.668851
4106,350,55.94177246,3130,13.329891
4107,360,55.53436279,3307,12.673376
4108,0,45.59783936,3600,5.3430805
4109,10,45.95794678,3637,4.5763664
4110,20,45.96099854,3557,4.593963
4111,30,46.08306885,3592,5.448392
4112,40,46.5637207,3671,5.7285304
4113,50,44.62585449,3494,6.1438966
4114,60,44.85321045,3513,6.09127
4115,70,46.16546631,3631,6.0602217
4116,80,45.75958252,3610,5.4345345
4117,90,45.5657959,3594,5.368027
4118,100,45.95489502,3613,5.1578064
4119,110,46.0144043,3539,5.489821
4120,120,46.00219727,3604,6.254116
4121,130,46.60949707,3660,6.9108405
4122,140,44.71282959,3497,6.421433
4123,150,44.83795166,3523,6.808095
4124,160,46.13494873,3632,6.573782
4125,170,45.72143555,3613,6.4916115
4126,180,45.41931152,3600,5.372965
4127,190,45.91827393,3612,4.770452
4128,200,46.08612061,3547,4.793116
4129,210,45.88775635,3582,5.3946433
4130,220,46.53625488,3656,5.6768174
4131,230,44.63500977,3495,6.045213
4132,240,44.68841553,3536,6.080153
4133,250,46.19293213,3635,5.991111
4134,260,45.65124512,3609,5.3106585
4135,270,45.4498291,3606,5.3575964
4136,280,45.92285156,3637,5.1315
4137,290,46.03118896,3563,5.5486946
4138,300,45.97015381,3570,6.3905344
4139,310,46.49047852,3667,7.002321
4140,320,44.54803467,3492,6.367591
4141,330,44.7052002,3526,6.615844
4142,340,46.22497559,3634,6.4151187
4143,350,45.68939209,3606,6.4984856
4144,360,45.59783936,3600,5.3430805
4145,0,49.85351563,3214,8.118544
4146,10,49.42169189,3249,6.931109
4147,20,48.66027832,3216,6.8213468
4148,30,49.02648926,3230,7.1246376
4149,40,48.92272949,3344,6.97795
4150,50,46.81854248,3255,7.112644
4151,60,47.48077393,3262,6.7793474
4152,70,49.10125732,3329,6.898719
4153,80,49.1317749,3271,6.136375
4154,90,49.81536865,3207,6.2622595
4155,100,49.40490723,3224,6.815131
4156,110,48.75030518,3202,6.962056
4157,120,49.0447998,3225,6.974759
4158,130,48.98834229,3333,7.163563
4159,140,46.92230225,3256,7.051557
4160,150,47.50976563,3264,7.6203523
4161,160,49.09362793,3340,7.3922763
4162,170,49.12261963,3263,7.802647
4163,180,49.62463379,3217,8.023409
4164,190,49.36065674,3224,6.8611627
4165,200,48.76251221,3216,6.7999887
4166,210,48.89373779,3244,6.9770284
4167,220,48.86474609,3336,7.0444546
4168,230,46.83837891,3257,7.2081614
4169,240,47.33428955,3278,6.874041
4170,250,49.15771484,3343,6.956517
4171,260,49.02801514,3268,6.0704527
4172,270,49.659729,3224,6.2996626
4173,280,49.37896729,3248,6.798374
4174,290,48.67095947,3228,6.860661
4175,300,48.87695313,3249,6.9905386
4176,310,48.80065918,3347,7.149131
4177,320,46.73461914,3256,6.980497
4178,330,47.30682373,3276,7.4584975
4179,340,49.16687012,3332,7.3782163
4180,350,49.04174805,3276,7.9074273
4181,360,49.85351563,3214,8.118544
4182,0,55.56793213,2608,20.617664
4183,10,54.84924316,2741,16.256075
4184,20,53.54614258,2760,16.548882
4185,30,53.50036621,2815,16.457626
4186,40,53.89709473,2876,17.039684
4187,50,51.84783936,2809,18.332264
4188,60,52.40936279,2794,18.85704
4189,70,53.93981934,2830,18.923811
4190,80,54.28314209,2736,18.383556
4191,90,55.53741455,2600,18.609293
4192,100,54.79888916,2718,18.670341
4193,110,53.6026001,2746,18.76708
4194,120,53.50036621,2820,18.832184
4195,130,54.04205322,2862,17.473665
4196,140,51.94702148,2811,15.504032
4197,150,52.43530273,2801,15.868036
4198,160,53.92456055,2843,15.423838
4199,170,54.22210693,2740,17.462254
4200,180,55.32836914,2611,20.472048
4201,190,54.78363037,2702,16.304655
4202,200,53.61785889,2761,16.516218
4203,210,53.35540771,2822,16.241594
4204,220,53.9352417,2864,17.06252
4205,230,51.86309814,2812,18.286488
4206,240,52.26593018,2807,18.812037
4207,250,53.98712158,2847,18.792072
4208,260,54.12445068,2745,18.409157
4209,270,55.35736084,2619,18.637316
4210,280,54.83398438,2725,18.723103
4211,290,53.55987549,2773,18.554146
4212,300,53.35693359,2817,18.79945
4213,310,53.79180908,2878,17.369831
4214,320,51.76391602,2810,15.528566
4215,330,52.24151611,2800,15.866775
4216,340,54.00238037,2834,15.161865
4217,350,54.19311523,2741,17.396957
4218,360,55.56793213,2608,20.617664
4219,0,47.21069336,3317,6.6843233
4220,10,46.60644531,3524,6.212344
4221,20,46.52862549,3537,6.169283
4222,30,45.77789307,3352,6.9428196
4223,40,46.7010498,3337,6.7538
4224,50,47.55706787,3327,6.899789
4225,60,47.89123535,3421,6.7876816
4226,70,46.82159424,3437,6.739872
4227,80,47.23815918,3451,7.147976
4228,90,47.19390869,3336,6.615614
4229,100,46.61407471,3520,5.504188
4230,110,46.48284912,3535,4.671444
4231,120,45.79925537,3325,3.0483599
4232,130,46.73461914,3341,4.2852945
4233,140,47.52197266,3334,6.701374
4234,150,47.996521,3413,7.4736004
4235,160,46.925354,3453,6.2405205
4236,170,47.32818604,3466,6.3512497
4237,180,47.19238281,3342,6.4051814
4238,190,46.58508301,3519,6.110804
4239,200,46.51641846,3538,6.1423225
4240,210,45.88012695,3320,7.0419116
4241,220,46.73919678,3328,6.6956325
4242,230,47.45330811,3322,6.71896
4243,240,47.96600342,3400,6.6273203
4244,250,46.96807861,3444,6.626009
4245,260,47.34344482,3478,6.955351
4246,270,47.20916748,3323,6.3574805
4247,280,46.58660889,3523,5.2402306
4248,290,46.56219482,3540,4.2822776
4249,300,45.86029053,3347,2.4616368
4250,310,46.70410156,3324,3.5190158
4251,320,47.48535156,3315,6.4059987
4252,330,47.85919189,3408,7.5002484
4253,340,46.86584473,3429,6.614504
4254,350,47.25189209,3461,6.5918365
4255,360,47.21069336,3317,6.6843233
4256,0,50.15106201,3087,13.2552805
4257,10,49.28283691,3265,12.136544
4258,20,49.77111816,3266,10.713644
4259,30,50.3036499,3079,11.625378
4260,40,51.75323486,2992,12.486545
4261,50,52.19726563,2975,12.617031
4262,60,51.10321045,3196,10.3449545
4263,70,49.93438721,3181,9.267881
4264,80,50.27770996,3192,7.8382273
4265,90,50.12359619,3084,8.591513
4266,100,49.23248291,3261,8.462351
4267,110,49.65820313,3265,8.64881
4268,120,50.29144287,3050,12.742545
4269,130,51.72424316,2994,15.611833
4270,140,52.10113525,2982,17.374493
4271,150,51.1138916,3191,16.344421
4272,160,50.03967285,3194,15.781759
4273,170,50.34637451,3197,13.80909
4274,180,50.09613037,3098,13.16968
4275,190,49.16534424,3266,12.101004
4276,200,49.66430664,3258,10.625026
4277,210,50.34637451,3042,11.411801
4278,220,51.7364502,2976,12.474602
4279,230,52.03552246,2984,12.503498
4280,240,51.08337402,3178,10.544248
4281,250,50.08544922,3190,9.1678095
4282,260,50.40130615,3210,7.6331787
4283,270,50.12359619,3101,8.295904
4284,280,49.22637939,3270,8.171222
4285,290,49.78027344,3259,8.638708
4286,300,50.3616333,3071,13.305428
4287,310,51.76391602,2974,15.683643
4288,320,52.13012695,2977,17.457226
4289,330,51.06964111,3183,16.437868
4290,340,49.98168945,3178,15.982906
4291,350,50.33569336,3203,13.924455
4292,360,50.15106201,3087,13.2552805
4293,0,52.42767334,2947,15.971719
4294,10,51.80358887,3057,15.240461
4295,20,53.25469971,2984,15.724494
4296,30,53.61785889,2748,17.019114
4297,40,54.93621826,2601,19.368526
4298,50,55.96313477,2710,20.087416
4299,60,55.46264648,2950,18.17846
4300,70,53.56292725,2865,15.465296
4301,80,52.7557373,2967,16.162052
4302,90,52.40020752,2944,16.601751
4303,100,51.70288086,3061,16.158594
4304,110,53.12347412,2986,16.294014
4305,120,53.60870361,2726,17.602663
4306,130,54.85992432,2613,18.778698
4307,140,55.85632324,2730,20.329958
4308,150,55.39093018,2951,18.850164
4309,160,53.62243652,2885,18.562996
4310,170,52.78320313,2990,15.508661
4311,180,52.37884521,2954,15.915911
4312,190,51.63116455,3069,15.010928
4313,200,53.11737061,2992,15.760028
4314,210,53.66516113,2721,16.98667
4315,220,54.89196777,2594,19.68135
4316,230,55.73730469,2720,19.82253
4317,240,55.36651611,2942,18.247458
4318,250,53.73077393,2878,15.536767
4319,260,52.86102295,2999,15.982089
4320,270,52.40631104,2957,16.527864
4321,280,51.74255371,3065,16.066717
4322,290,53.24859619,2990,16.152744
4323,300,53.67736816,2743,17.827356
4324,310,54.96673584,2582,19.093668
4325,320,55.84564209,2700,20.647333
4326,330,55.4397583,2941,19.170515
4327,340,53.67279053,2859,18.827103
4328,350,52.83508301,2974,15.831532
4329,360,52.42767334,2947,15.971719
4330,0,38.32702637,2553,5.259578
4331,10,37.86621094,2497,4.183019
4332,20,36.77825928,2446,4.0000415
4333,30,36.72485352,2512,7.369244
4334,40,37.20397949,2555,9.226563
4335,50,37.49084473,2613,11.25958
4336,60,36.41052246,2614,12.46445
4337,70,38.0065918,2624,10.536249
4338,80,38.67645264,2622,5.591866
4339,90,38.48266602,2543,4.77083
4340,100,37.97149658,2499,6.4853
4341,110,36.9140625,2445,6.628227
4342,120,36.8850708,2514,6.7914863
4343,130,37.29553223,2553,6.758241
4344,140,37.45422363,2620,5.923647
4345,150,36.39068604,2602,5.554857
4346,160,38.06762695,2618,5.4496818
4347,170,38.80310059,2620,5.134646
4348,180,38.53607178,2543,5.2781568
4349,190,38.01727295,2500,4.320806
4350,200,36.98883057,2436,4.076912
4351,210,36.93237305,2512,7.51878
4352,220,37.19940186,2550,9.032662
4353,230,37.42675781,2619,10.931197
4354,240,36.36474609,2596,12.210655
4355,250,38.01574707,2603,10.615171
4356,260,38.68103027,2623,5.224713
4357,270,38.38043213,2553,4.311325
4358,280,37.91046143,2498,6.214062
4359,290,36.85150146,2438,6.402431
4360,300,36.77215576,2509,6.5733147
4361,310,37.10784912,2552,6.6021667
4362,320,37.46185303,2612,5.823512
4363,330,36.38458252,2608,5.2972054
4364,340,37.95471191,2609,5.2292447
4365,350,38.55743408,2627,4.882561
4366,360,38.32702637,2553,5.259578
4367,0,42.19665527,2347,6.623164
4368,10,41.27807617,2368,5.861355
4369,20,39.90478516,2368,5.41324
4370,30,39.65301514,2420,7.6849985
4371,40,39.90020752,2456,9.170595
4372,50,40.0604248,2514,10.080632
4373,60,39.00756836,2514,9.944994
4374,70,41.46270752,2458,9.665343
4375,80,42.63763428,2389,9.476137
4376,90,42.27294922,2346,5.956384
4377,100,41.38336182,2370,5.918875
4378,110,40.04058838,2367,5.7978687
4379,120,39.81323242,2422,5.967496
4380,130,39.99328613,2454,5.83634
4381,140,40.02380371,2521,5.293289
4382,150,38.98162842,2515,5.104071
4383,160,41.46118164,2455,5.5527477
4384,170,42.7444458,2388,5.4943514
4385,180,42.36602783,2344,6.673585
4386,190,41.50238037,2367,5.8984437
4387,200,40.0970459,2358,5.385206
4388,210,39.82391357,2420,7.709931
4389,220,39.84680176,2449,8.955796
4390,230,39.94445801,2518,9.773092
4391,240,38.91448975,2508,9.791008
4392,250,41.38336182,2438,9.284568
4393,260,42.71240234,2387,9.517304
4394,270,42.29125977,2345,5.7912145
4395,280,41.39556885,2365,5.7648087
4396,290,39.96124268,2359,5.6626406
4397,300,39.66369629,2417,5.8635235
4398,310,39.75372314,2451,5.766754
4399,320,39.97955322,2511,5.2292542
4400,330,38.94042969,2507,4.9485197
4401,340,41.38336182,2441,5.365195
4402,350,42.61016846,2390,5.2520084
4403,360,42.19665527,2347,6.623164
4404,0,53.50036621,2211,43.310905
4405,10,52.05230713,2150,34.352425
4406,20,50.61950684,2148,29.65756
4407,30,50.45928955,2212,24.53035
4408,40,50.18768311,2269,23.189913
4409,50,49.49493408,2295,25.741074
4410,60,48.9944458,2286,26.707987
4411,70,52.84729004,2300,26.166897
4412,80,54.36248779,2293,26.64879
4413,90,53.58428955,2216,27.45517
4414,100,52.23999023,2155,26.82791
4415,110,50.81634521,2149,25.960016
4416,120,50.62561035,2220,26.235123
4417,130,50.33569336,2267,22.02776
4418,140,49.56970215,2300,21.428776
4419,150,49.12719727,2284,20.714064
4420,160,52.91137695,2306,35.700512
4421,170,54.42199707,2295,44.208633
4422,180,53.6895752,2212,43.200317
4423,190,52.4307251,2150,34.90537
4424,200,50.91400146,2140,29.235868
4425,210,50.6362915,2218,24.129055
4426,220,50.18920898,2262,22.966343
4427,230,49.48883057,2297,25.539156
4428,240,49.09057617,2278,26.658236
4429,250,52.89306641,2302,26.217178
4430,260,54.42199707,2290,26.62219
4431,270,53.60717773,2207,27.524466
4432,280,52.24304199,2145,26.607386
4433,290,50.71716309,2139,26.178743
4434,300,50.4699707,2209,26.441927
4435,310,50.04119873,2264,22.32376
4436,320,49.41253662,2292,21.729973
4437,330,48.95935059,2280,21.023722
4438,340,52.82745361,2296,36.48655
4439,350,54.36401367,2290,44.338356
4440,360,53.50036621,2211,43.310905
4441,0,55.29327393,5244,4.7246203
4442,10,53.9276123,5370,4.1746225
4443,20,53.95507813,5267,3.9922764
4444,30,54.5425415,5235,3.9424179
4445,40,54.84466553,5179,3.6495922
4446,50,56.20727539,5229,3.2825418
4447,60,55.00488281,5318,3.1353557
4448,70,55.4397583,5442,3.2988422
4449,80,54.75311279,5257,3.71887
4450,90,55.21697998,5269,4.0120454
4451,100,53.94744873,5366,4.1221337
4452,110,53.91693115,5271,4.3824754
4453,120,54.56085205,5226,4.545641
4454,130,54.85992432,5178,4.4467387
4455,140,56.2713623,5215,4.538882
4456,150,54.9911499,5324,4.466987
4457,160,55.46722412,5451,4.694569
4458,170,54.79278564,5247,4.717037
4459,180,55.1651001,5278,4.663425
4460,190,54.02374268,5366,4.171671
4461,200,53.85894775,5285,3.9731343
4462,210,54.58984375,5214,3.965608
4463,220,54.8248291,5173,3.6300185
4464,230,56.20727539,5212,3.2213113
4465,240,55.02166748,5327,3.1235774
4466,250,55.43518066,5447,3.2153246
4467,260,54.91333008,5234,3.7220392
4468,270,55.24291992,5253,3.9506462
4469,280,54.00543213,5371,4.0663614
4470,290,53.89862061,5281,4.3661227
4471,300,54.57305908,5223,4.545284
4472,310,54.80651855,5174,4.429458
4473,320,56.1416626,5228,4.509664
4474,330,55.03387451,5321,4.5107865
4475,340,55.40771484,5439,4.729485
4476,350,54.88128662,5244,4.775115
4477,360,55.29327393,5244,4.7246203
4478,0,61.48529053,4398,7.7108693
4479,10,60.27832031,4458,7.1505213
4480,20,59.45587158,4403,7.071197
4481,30,60.19134521,4487,7.792121
4482,40,60.58349609,4435,7.8152943
4483,50,61.70501709,4467,7.6408577
4484,60,60.8581543,4575,7.414036
4485,70,61.668396,4658,8.192643
4486,80,60.98022461,4506,8.328849
4487,90,61.47613525,4425,8.740548
4488,100,60.31188965,4457,8.085677
4489,110,59.43908691,4413,8.303975
4490,120,60.22186279,4494,8.042848
4491,130,60.57434082,4445,7.1688414
4492,140,61.72027588,4451,7.4788213
4493,150,60.83679199,4585,7.226777
4494,160,61.68670654,4671,7.3322525
4495,170,61.0244751,4503,7.7829156
4496,180,61.4730835,4427,7.7395806
4497,190,60.38360596,4461,7.2361784
4498,200,59.46350098,4419,7.0575175
4499,210,60.24627686,4488,7.7633276
4500,220,60.52703857,4444,7.7793446
4501,230,61.68823242,4438,7.65244
4502,240,60.86883545,4587,7.338292
4503,250,61.62719727,4670,8.111953
4504,260,61.09161377,4476,8.264861
4505,270,61.48071289,4400,8.644264
4506,280,60.3515625,4463,8.092956
4507,290,59.48181152,4409,8.342607
4508,300,60.21728516,4481,8.066938
4509,310,60.53466797,4434,7.187293
4510,320,61.67297363,4454,7.554076
4511,330,60.88867188,4577,7.2557616
4512,340,61.60888672,4657,7.3176665
4513,350,61.05651855,4479,7.796775
4514,360,61.48529053,4398,7.7108693
4515,0,65.93017578,3903,11.489647
4516,10,65.13366699,3891,11.437539
4517,20,64.00756836,3854,11.208679
4518,30,64.99176025,3895,11.604738
4519,40,65.7623291,3924,11.841722
4520,50,66.746521,3958,12.087881
4521,60,65.80657959,4048,12.237792
4522,70,66.10107422,4106,12.347363
4523,80,65.24810791,4032,12.400243
4524,90,65.93475342,3927,13.136101
4525,100,65.15197754,3883,12.645805
4526,110,63.96484375,3863,11.699937
4527,120,65.0100708,3903,11.403505
4528,130,65.82641602,3918,10.577576
4529,140,66.74041748,3939,11.106498
4530,150,65.7989502,4050,10.604187
4531,160,66.15447998,4116,10.538395
4532,170,65.29693604,4029,10.952261
4533,180,65.9286499,3927,11.385608
4534,190,65.20385742,3890,11.463316
4535,200,63.9831543,3862,11.175899
4536,210,65.02075195,3875,11.536273
4537,220,65.70739746,3926,11.798886
4538,230,66.75262451,3931,12.212562
4539,240,65.83862305,4050,12.199348
4540,250,66.13006592,4114,12.298686
4541,260,65.37628174,4011,12.345315
4542,270,65.92254639,3903,13.069499
4543,280,65.18707275,3899,12.718617
4544,290,64.02740479,3853,11.767199
4545,300,65.00396729,3867,11.384898
4546,310,65.64025879,3932,10.602784
4547,320,66.75872803,3950,11.27063
4548,330,65.84625244,4048,10.685615
4549,340,66.07818604,4104,10.55711
4550,350,65.33508301,4014,11.0265875
4551,360,65.93017578,3903,11.489647
4552,0,45.39337158,4308,3.3908608
4553,10,45.30944824,4482,3.4172428
4554,20,45.41015625,4430,3.2802193
4555,30,44.59533691,4380,3.6188154
4556,40,43.39294434,4369,2.938515
4557,50,42.98095703,4417,2.9113271
4558,60,42.89093018,4345,2.790357
4559,70,43.26477051,4396,2.7154334
4560,80,44.62738037,4358,2.760639
4561,90,45.44525146,4302,2.9380393
4562,100,45.33691406,4467,3.0274026
4563,110,45.36895752,4437,3.1451921
4564,120,44.56634521,4374,3.1427598
4565,130,43.47991943,4365,3.1130652
4566,140,43.06945801,4409,3.0421064
4567,150,42.92755127,4336,3.2291903
4568,160,43.32885742,4386,3.2063982
4569,170,44.73266602,4357,3.175111
4570,180,45.39337158,4314,3.4579268
4571,190,45.38421631,4456,3.3962092
4572,200,45.46661377,4424,3.2673914
4573,210,44.59381104,4396,3.713629
4574,220,43.51501465,4351,2.855504
4575,230,43.12438965,4396,2.7408104
4576,240,42.96264648,4335,2.6290994
4577,250,43.31817627,4369,2.5553596
4578,260,44.73876953,4339,2.60942
4579,270,45.3414917,4320,2.8053744
4580,280,45.36132813,4471,2.8350523
4581,290,45.50933838,4417,2.99025
4582,300,44.62280273,4402,3.008655
4583,310,43.42956543,4355,2.9961178
4584,320,43.03283691,4404,2.9464464
4585,330,42.92755127,4342,3.1225393
4586,340,43.25561523,4380,3.1642494
4587,350,44.63500977,4340,3.1234603
4588,360,45.39337158,4308,3.3908608
4589,0,51.55639648,3582,7.699137
4590,10,51.39923096,3785,7.6296015
4591,20,51.65252686,3851,7.543689
4592,30,51.32598877,3711,7.9555244
4593,40,50.78582764,3730,8.091347
4594,50,49.63684082,3795,8.563262
4595,60,48.66790771,3660,9.04154
4596,70,49.75738525,3692,9.444897
4597,80,51.22070313,3582,9.777913
4598,90,51.65252686,3572,9.273578
4599,100,51.50909424,3762,8.370186
4600,110,51.66320801,3846,8.106438
4601,120,51.33361816,3708,7.0498805
4602,130,50.86364746,3727,6.796417
4603,140,49.67346191,3785,6.710072
4604,150,48.70300293,3657,7.218467
4605,160,49.8046875,3671,6.914406
4606,170,51.26647949,3580,7.3114605
4607,180,51.54571533,3584,7.69573
4608,190,51.52435303,3753,7.569897
4609,200,51.75933838,3839,7.5359445
4610,210,51.33209229,3721,7.9480844
4611,220,50.85601807,3739,8.047234
4612,230,49.70703125,3790,8.583583
4613,240,48.74572754,3675,9.060085
4614,250,49.74517822,3667,9.466498
4615,260,51.24206543,3559,9.743105
4616,270,51.44958496,3594,9.206618
4617,280,51.42059326,3776,8.206341
4618,290,51.75170898,3844,8.0266075
4619,300,51.32446289,3724,7.0395145
4620,310,50.77972412,3742,6.739801
4621,320,49.66888428,3800,6.680406
4622,330,48.7121582,3676,7.190318
4623,340,49.70092773,3688,6.886502
4624,350,51.19781494,3564,7.27282
4625,360,51.55639648,3582,7.699137
4626,0,55.53436279,3307,12.673376
4627,10,55.90209961,3350,12.237094
4628,20,57.05566406,3372,11.256656
4629,30,55.67779541,3370,10.966825
4630,40,54.78363037,3362,10.068518
4631,50,54.87823486,3328,10.98929
4632,60,54.06341553,3220,10.800364
4633,70,54.49829102,3278,11.089431
4634,80,55.97076416,3137,11.419283
4635,90,55.57403564,3302,11.447428
4636,100,55.92498779,3326,11.716536
4637,110,56.99615479,3373,12.40918
4638,120,55.61065674,3373,11.958897
4639,130,54.82177734,3365,12.270911
4640,140,54.98657227,3312,12.664442
4641,150,54.03442383,3224,13.770551
4642,160,54.4418335,3277,11.796067
4643,170,55.96313477,3136,13.476726
4644,180,55.45806885,3314,12.845456
4645,190,55.85174561,3317,12.38352
4646,200,57.0022583,3377,11.418567
4647,210,55.60455322,3395,11.143607
4648,220,54.85534668,3367,10.234291
4649,230,55.07507324,3317,11.200524
4650,240,54.04968262,3224,10.867873
4651,250,54.42657471,3277,11.227635
4652,260,55.93109131,3128,11.466433
4653,270,55.41992188,3319,11.505896
4654,280,55.8303833,3341,11.825438
4655,290,57.0602417,3376,12.390182
4656,300,55.67169189,3392,12.031403
4657,310,54.81719971,3364,12.309314
4658,320,54.96520996,3333,12.589211
4659,330,54.08172607,3218,13.8113165
4660,340,54.48303223,3278,11.668851
4661,350,55.94177246,3130,13.329891
4662,360,55.53436279,3307,12.673376
4663,0,44.93103027,3668,4.490688
4664,10,45.29418945,3707,3.8505247
4665,20,45.29266357,3628,3.7914443
4666,30,45.41473389,3663,4.457028
4667,40,45.8984375,3739,5.1764245
4668,50,43.95751953,3563,5.768456
4669,60,44.18029785,3585,5.7614202
4670,70,45.49255371,3703,5.7502303
4671,80,45.09429932,3680,5.317155
4672,90,44.89898682,3662,5.2620015
4673,100,45.2911377,3683,5.029833
4674,110,45.34606934,3610,5.3599334
4675,120,45.3338623,3675,6.024525
4676,130,45.94421387,3728,6.3261495
4677,140,44.04449463,3566,6.006328
4678,150,44.16503906,3595,6.112681
4679,160,45.46203613,3704,5.585249
4680,170,45.05615234,3683,5.5774193
4681,180,44.75250244,3668,4.4399557
4682,190,45.2545166,3682,3.9228973
4683,200,45.41778564,3618,3.827019
4684,210,45.21942139,3653,4.2906947
4685,220,45.87097168,3724,5.0861726
4686,230,43.96820068,3563,5.65841
4687,240,44.01550293,3608,5.744905
4688,250,45.52001953,3707,5.6938925
4689,260,44.98596191,3679,5.1971717
4690,270,44.78302002,3674,5.2486887
4691,280,45.25909424,3707,4.9947395
4692,290,45.362854,3634,5.409907
4693,300,45.30181885,3641,6.1296444
4694,310,45.82519531,3735,6.397167
4695,320,43.88122559,3560,5.948835
4696,330,44.0322876,3598,5.9430876
4697,340,45.55206299,3706,5.5161085
4698,350,45.02410889,3676,5.626248
4699,360,44.93103027,3668,4.490688
4700,0,48.72131348,3342,7.222802
4701,10,48.29406738,3379,6.1044707
4702,20,47.52502441,3347,6.0192924
4703,30,47.88970947,3360,6.3789945
4704,40,47.79205322,3469,6.025861
4705,50,45.68481445,3381,6.231566
4706,60,46.34246826,3393,6.058384
4707,70,47.96447754,3461,6.0690207
4708,80,48.00109863,3401,5.5888014
4709,90,48.6831665,3335,5.682814
4710,100,48.27728271,3354,6.105331
4711,110,47.61505127,3333,6.274201
4712,120,47.90802002,3355,6.305358
4713,130,47.85766602,3458,6.3571744
4714,140,45.78857422,3382,6.3619337
4715,150,46.37145996,3395,6.815456
4716,160,47.95684814,3472,6.3998475
4717,170,47.99346924,3392,6.838746
4718,180,48.49243164,3345,7.090811
4719,190,48.23303223,3354,6.012556
4720,200,47.6272583,3347,5.9155693
4721,210,47.75695801,3374,6.186177
4722,220,47.73406982,3461,6.081117
4723,230,45.70617676,3382,6.3085365
4724,240,46.19598389,3409,6.135187
4725,250,48.02093506,3475,6.1196227
4726,260,47.89886475,3397,5.532278
4727,270,48.52752686,3352,5.7063074
4728,280,48.25134277,3378,6.052825
4729,290,47.53570557,3359,6.1797023
4730,300,47.74017334,3379,6.3052735
4731,310,47.66998291,3472,6.349163
4732,320,45.60241699,3381,6.2791343
4733,330,46.16851807,3407,6.6611276
4734,340,48.03009033,3464,6.4416595
4735,350,47.91107178,3406,6.982837
4736,360,48.72131348,3342,7.222802
4737,0,55.56793213,2608,20.617664
4738,10,54.84924316,2741,16.256075
4739,20,53.54614258,2760,16.548882
4740,30,53.50036621,2815,16.457626
4741,40,53.89709473,2876,17.039684
4742,50,51.4175415,2865,18.453434
4743,60,52.2567749,2837,18.905397
4744,70,53.93981934,2830,18.923811
4745,80,54.28314209,2736,18.383556
4746,90,55.53741455,2600,18.609293
4747,100,54.79888916,2718,18.670341
4748,110,53.6026001,2746,18.76708
4749,120,53.50036621,2820,18.832184
4750,130,54.03594971,2873,17.474195
4751,140,51.49993896,2867,15.615571
4752,150,52.28271484,2844,15.891711
4753,160,53.92456055,2843,15.423838
4754,170,54.22210693,2740,17.462254
4755,180,55.32836914,2611,20.472048
4756,190,54.78363037,2702,16.304655
4757,200,53.61785889,2761,16.516218
4758,210,53.35540771,2822,16.241594
4759,220,53.92913818,2875,17.058067
4760,230,51.41601563,2868,18.41573
4761,240,52.14080811,2847,18.85237
4762,250,53.98712158,2847,18.792072
4763,260,54.12445068,2745,18.409157
4764,270,55.35736084,2619,18.637316
4765,280,54.83398438,2725,18.723103
4766,290,53.55987549,2773,18.554146
4767,300,53.35693359,2817,18.79945
4768,310,53.79180908,2878,17.369831
4769,320,51.33361816,2866,15.630337
4770,330,52.11639404,2840,15.888018
4771,340,54.00238037,2834,15.161865
4772,350,54.19311523,2741,17.396957
4773,360,55.56793213,2608,20.617664
4774,0,47.21069336,3317,6.6843233
4775,10,46.60644531,3524,6.212344
4776,20,46.52862549,3537,6.169283
4777,30,45.77789307,3352,6.9428196
4778,40,46.7010498,3337,6.7538
4779,50,47.55706787,3327,6.899789
4780,60,47.89123535,3421,6.7876816
4781,70,46.82159424,3437,6.739872
4782,80,47.23815918,3451,7.147976
4783,90,47.19390869,3336,6.615614
4784,100,46.61407471,3520,5.504188
4785,110,46.48284912,3535,4.671444
4786,120,45.79925537,3325,3.0483599
4787,130,46.73461914,3341,4.2852945
4788,140,47.52197266,3334,6.701374
4789,150,47.996521,3413,7.4736004
4790,160,46.925354,3453,6.2405205
4791,170,47.32818604,3466,6.3512497
4792,180,47.19238281,3342,6.4051814
4793,190,46.58508301,3519,6.110804
4794,200,46.51641846,3538,6.1423225
4795,210,45.88012695,3320,7.0419116
4796,220,46.73919678,3328,6.6956325
4797,230,47.45330811,3322,6.71896
4798,240,47.96600342,3400,6.6273203
4799,250,46.96807861,3444,6.626009
4800,260,47.34344482,3478,6.955351
4801,270,47.20916748,3323,6.3574805
4802,280,46.58660889,3523,5.2402306
4803,290,46.56219482,3540,4.2822776
4804,300,45.86029053,3347,2.4616368
4805,310,46.70410156,3324,3.5190158
4806,320,47.48535156,3315,6.4059987
4807,330,47.85919189,3408,7.5002484
4808,340,46.86584473,3429,6.614504
4809,350,47.25189209,3461,6.5918365
4810,360,47.21069336,3317,6.6843233
4811,0,50.15106201,3087,13.2552805
4812,10,49.28283691,3265,12.136544
4813,20,49.77111816,3266,10.713644
4814,30,50.3036499,3079,11.625378
4815,40,51.65710449,3033,11.842389
4816,50,52.13470459,3011,11.8511915
4817,60,51.10321045,3196,10.3449545
4818,70,49.93438721,3181,9.267881
4819,80,50.27770996,3192,7.8382273
4820,90,50.12359619,3084,8.591513
4821,100,49.23248291,3261,8.462351
4822,110,49.65820313,3265,8.64881
4823,120,50.29144287,3050,12.742545
4824,130,51.62811279,3035,15.635996
4825,140,52.00958252,3022,17.351011
4826,150,51.1138916,3191,16.344421
4827,160,50.03967285,3194,15.781759
4828,170,50.34637451,3197,13.80909
4829,180,50.09613037,3098,13.16968
4830,190,49.16534424,3266,12.101004
4831,200,49.66430664,3258,10.625026
4832,210,50.34637451,3042,11.411801
4833,220,51.60827637,3021,11.701683
4834,230,51.94396973,3024,11.5882845
4835,240,51.08337402,3178,10.544248
4836,250,50.08544922,3190,9.1678095
4837,260,50.40130615,3210,7.6331787
4838,270,50.12359619,3101,8.295904
4839,280,49.22637939,3270,8.171222
4840,290,49.78027344,3259,8.638708
4841,300,50.3616333,3071,13.305428
4842,310,51.63574219,3018,15.716082
4843,320,52.06756592,3013,17.439985
4844,330,51.06964111,3183,16.437868
4845,340,49.98168945,3178,15.982906
4846,350,50.33569336,3203,13.924455
4847,360,50.15106201,3087,13.2552805
4848,0,52.42767334,2947,15.971719
4849,10,51.80358887,3057,15.240461
4850,20,53.25469971,2984,15.724494
4851,30,53.61785889,2748,17.019114
4852,40,54.74853516,2652,19.3704
4853,50,55.11322021,2791,20.193964
4854,60,54.88739014,3025,18.292883
4855,70,53.54309082,2887,15.4687605
4856,80,52.7557373,2967,16.162052
4857,90,52.40020752,2944,16.601751
4858,100,51.70288086,3061,16.158594
4859,110,53.12347412,2986,16.294014
4860,120,53.60870361,2726,17.602663
4861,130,54.67224121,2664,18.469816
4862,140,55.00640869,2811,18.963268
4863,150,54.85839844,3024,18.209557
4864,160,53.61785889,2894,18.501635
4865,170,52.78320313,2990,15.508661
4866,180,52.37884521,2954,15.915911
4867,190,51.63116455,3069,15.010928
4868,200,53.11737061,2992,15.760028
4869,210,53.66516113,2721,16.98667
4870,220,54.74090576,2641,19.676395
4871,230,54.91638184,2801,19.92613
4872,240,54.83398438,3015,18.356506
4873,250,53.72619629,2887,15.537097
4874,260,52.86102295,2999,15.982089
4875,270,52.40631104,2957,16.527864
4876,280,51.74255371,3065,16.066717
4877,290,53.24859619,2990,16.152744
4878,300,53.67736816,2743,17.827356
4879,310,54.81567383,2629,18.787193
4880,320,55.02471924,2781,19.264095
4881,330,54.86450195,3016,18.391909
4882,340,53.6529541,2881,18.699677
4883,350,52.83508301,2974,15.831532
4884,360,52.42767334,2947,15.971719
4885,0,38.32702637,2553,5.259578
4886,10,37.16888428,2580,4.2289624
4887,20,36.47460938,2518,4.0194273
4888,30,36.72485352,2512,7.369244
4889,40,37.20397949,2555,9.226563
4890,50,37.49084473,2613,11.25958
4891,60,36.41052246,2614,12.46445
4892,70,38.0065918,2624,10.536249
4893,80,38.67645264,2622,5.591866
4894,90,38.48266602,2543,4.77083
4895,100,37.24517822,2585,6.6116467
4896,110,36.55700684,2520,6.6944423
4897,120,36.8850708,2514,6.7914863
4898,130,37.29553223,2553,6.758241
4899,140,37.45422363,2620,5.923647
4900,150,36.39068604,2602,5.554857
4901,160,38.06762695,2618,5.4496818
4902,170,38.80310059,2620,5.134646
4903,180,38.51623535,2571,5.27921
4904,190,37.24517822,2589,4.379832
4905,200,36.6317749,2511,4.092163
4906,210,36.93237305,2512,7.51878
4907,220,37.19940186,2550,9.032662
4908,230,37.42675781,2619,10.931197
4909,240,36.36474609,2596,12.210655
4910,250,38.01574707,2603,10.615171
4911,260,38.68103027,2623,5.224713
4912,270,38.3605957,2581,4.3118453
4913,280,37.16888428,2584,6.329241
4914,290,36.54785156,2510,6.4536266
4915,300,36.77215576,2509,6.5733147
4916,310,37.10784912,2552,6.6021667
4917,320,37.46185303,2612,5.823512
4918,330,36.38458252,2608,5.2972054
4919,340,37.95471191,2609,5.2292447
4920,350,38.55743408,2627,4.882561
4921,360,38.32702637,2553,5.259578
4922,0,42.19665527,2347,6.623164
4923,10,40.58074951,2451,5.9235888
4924,20,39.60113525,2440,5.44094
4925,30,39.65301514,2420,7.6849985
4926,40,39.90020752,2456,9.170595
4927,50,40.0604248,2514,10.080632
4928,60,39.00756836,2514,9.944994
4929,70,41.46270752,2458,9.665343
4930,80,42.63763428,2389,9.476137
4931,90,42.27294922,2346,5.956384
4932,100,40.65704346,2456,6.0223308
4933,110,39.68353271,2442,5.8455467
4934,120,39.81323242,2422,5.967496
4935,130,39.99328613,2454,5.83634
4936,140,40.02380371,2521,5.293289
4937,150,38.98162842,2515,5.104071
4938,160,41.46118164,2455,5.5527477
4939,170,42.7444458,2388,5.4943514
4940,180,42.34619141,2372,6.6655717
4941,190,40.73028564,2456,5.974622
4942,200,39.73999023,2433,5.426423
4943,210,39.82391357,2420,7.709931
4944,220,39.84680176,2449,8.955796
4945,230,39.94445801,2518,9.773092
4946,240,38.91448975,2508,9.791008
4947,250,41.38336182,2438,9.284568
4948,260,42.71240234,2387,9.517304
4949,270,42.27142334,2373,5.7928615
4950,280,40.6539917,2451,5.8721743
4951,290,39.65759277,2431,5.704004
4952,300,39.66369629,2417,5.8635235
4953,310,39.75372314,2451,5.766754
4954,320,39.97955322,2511,5.2292542
4955,330,38.94042969,2507,4.9485197
4956,340,41.38336182,2441,5.365195
4957,350,42.61016846,2390,5.2520084
4958,360,42.19665527,2347,6.623164
4959,0,53.50036621,2211,43.310905
4960,10,52.05230713,2150,34.352425
4961,20,50.61950684,2148,29.65756
4962,30,50.45928955,2212,24.53035
4963,40,50.18768311,2269,23.189913
4964,50,49.49493408,2295,25.741074
4965,60,48.9944458,2286,26.707987
4966,70,52.84729004,2300,26.166897
4967,80,54.36248779,2293,26.64879
4968,90,53.58428955,2216,27.45517
4969,100,52.23999023,2155,26.82791
4970,110,50.81634521,2149,25.960016
4971,120,50.62561035,2220,26.235123
4972,130,50.33569336,2267,22.02776
4973,140,49.56970215,2300,21.428776
4974,150,49.12719727,2284,20.714064
4975,160,52.91137695,2306,35.700512
4976,170,54.42199707,2295,44.208633
4977,180,53.6895752,2212,43.200317
4978,190,52.4307251,2150,34.90537
4979,200,50.91400146,2140,29.235868
4980,210,50.6362915,2218,24.129055
4981,220,50.18920898,2262,22.966343
4982,230,49.48883057,2297,25.539156
4983,240,49.09057617,2278,26.658236
4984,250,52.89306641,2302,26.217178
4985,260,54.42199707,2290,26.62219
4986,270,53.60717773,2207,27.524466
4987,280,52.24304199,2145,26.607386
4988,290,50.71716309,2139,26.178743
4989,300,50.4699707,2209,26.441927
4990,310,50.04119873,2264,22.32376
4991,320,49.41253662,2292,21.729973
4992,330,48.95935059,2280,21.023722
4993,340,52.82745361,2296,36.48655
4994,350,54.36401367,2290,44.338356
4995,360,53.50036621,2211,43.310905
4996,0,50.4776001,4047,5.6756005
4997,10,50.59204102,3986,5.896152
4998,20,48.14605713,4093,5.5321193
4999,30,47.87902832,4037,6.03556
5000,40,48.3215332,3965,6.8192506
5001,50,48.84796143,3965,7.0929723
5002,60,49.53765869,4068,6.395924
5003,70,49.83520508,4122,5.815195
5004,80,50.1449585,4058,5.937336
5005,90,50.44708252,4026,5.9138756
5006,100,50.56304932,3969,5.679715
5007,110,48.19793701,4095,5.1018243
5008,120,47.83172607,4055,4.9123225
5009,130,48.24829102,3970,4.8454885
5010,140,48.90136719,3952,4.9030704
5011,150,49.4934082,4059,5.0323453
5012,160,49.72381592,4115,4.634207
5013,170,50.08392334,4057,5.09481
5014,180,50.41809082,4056,5.6573644
5015,190,50.51116943,3969,5.8658457
5016,200,48.19335938,4093,5.4977264
5017,210,47.8302002,4056,6.0818744
5018,220,48.12927246,3965,6.7203584
5019,230,48.78082275,3948,7.1102953
5020,240,49.30114746,4035,6.3315206
5021,250,49.70245361,4116,5.856354
5022,260,50.05645752,4059,6.00935
5023,270,50.4486084,4077,5.9574127
5024,280,50.53710938,3986,5.7965655
5025,290,48.14453125,4092,5.0908337
5026,300,47.87750244,4038,4.951503
5027,310,48.20404053,3960,4.9624257
5028,320,48.72436523,3963,4.9179974
5029,330,49.34539795,4044,5.0438223
5030,340,49.8260498,4121,4.584023
5031,350,50.12054443,4061,5.1674657
5032,360,50.4776001,4047,5.6756005
5033,0,52.52990723,3741,7.9226713
5034,10,52.6184082,3739,7.752522
5035,20,50.06713867,3845,7.3502855
5036,30,49.53613281,3849,8.016
5037,40,50.53100586,3757,8.537211
5038,50,51.07116699,3798,8.828212
5039,60,51.84631348,3900,8.433727
5040,70,52.68554688,3925,9.010447
5041,80,52.9083252,3756,8.306245
5042,90,52.44598389,3741,7.963346
5043,100,52.52685547,3730,7.0243764
5044,110,50.09765625,3849,6.055296
5045,120,49.48730469,3861,5.344925
5046,130,50.440979,3756,5.138932
5047,140,51.13525391,3784,4.878356
5048,150,51.83258057,3891,5.886075
5049,160,52.55584717,3922,6.438731
5050,170,52.84729004,3755,7.3618264
5051,180,52.45513916,3766,7.8975472
5052,190,52.50091553,3729,7.758438
5053,200,50.09765625,3847,7.3021626
5054,210,49.45526123,3865,8.030834
5055,220,50.32348633,3751,8.476478
5056,230,51.01470947,3780,8.836872
5057,240,51.66931152,3860,8.417626
5058,250,52.58178711,3918,9.102571
5059,260,52.8427124,3770,8.276182
5060,270,52.53753662,3766,8.011245
5061,280,52.59094238,3738,7.130292
5062,290,50.06713867,3844,6.0109425
5063,300,49.50408936,3853,5.5141935
5064,310,50.41503906,3752,5.4060497
5065,320,50.9475708,3796,5.0075035
5066,330,51.68304443,3869,6.0306954
5067,340,52.71911621,3921,6.48795
5068,350,52.90679932,3772,7.417507
5069,360,52.52990723,3741,7.9226713
5070,0,59.14001465,3321,13.38999
5071,10,58.94165039,3270,12.597324
5072,20,57.8918457,3278,12.01731
5073,30,56.01806641,3332,11.943448
5074,40,56.71844482,3285,13.059899
5075,50,56.91070557,3349,13.36925
5076,60,57.56988525,3412,12.802246
5077,70,58.27331543,3427,14.11234
5078,80,58.94165039,3341,14.409237
5079,90,59.11407471,3319,15.943064
5080,100,58.90655518,3256,13.481966
5081,110,57.94372559,3292,13.346835
5082,120,55.98907471,3342,13.462489
5083,130,56.69403076,3284,12.631417
5084,140,57.01141357,3330,9.211308
5085,150,57.62634277,3406,10.457293
5086,160,58.24432373,3424,11.096858
5087,170,58.95385742,3330,12.614484
5088,180,59.14306641,3326,13.303122
5089,190,58.91265869,3244,12.60032
5090,200,57.98034668,3299,11.806568
5091,210,55.94940186,3346,11.773156
5092,220,56.5536499,3283,12.827272
5093,230,56.91375732,3323,13.330202
5094,240,57.42340088,3375,12.633438
5095,250,58.26263428,3420,14.219877
5096,260,58.91265869,3341,14.362214
5097,270,59.16748047,3328,15.900274
5098,280,58.94927979,3256,13.697994
5099,290,57.9284668,3285,13.31811
5100,300,55.97839355,3336,13.383234
5101,310,56.57806396,3284,12.685896
5102,320,56.81152344,3344,9.383081
5103,330,57.36694336,3381,10.580928
5104,340,58.29315186,3422,11.083973
5105,350,58.9050293,3355,12.505416
5106,360,59.14001465,3321,13.38999
5107,0,46.92993164,4014,4.846617
5108,10,48.55957031,3992,4.6446586
5109,20,47.94464111,3949,4.9668603
5110,30,47.51434326,4059,5.035782
5111,40,48.9440918,4087,5.180438
5112,50,48.15216064,4028,4.85478
5113,60,47.92022705,3980,4.9665947
5114,70,48.59008789,4089,6.813062
5115,80,47.25952148,3951,6.7693243
5116,90,46.85516357,4035,7.0700603
5117,100,48.50616455,3993,6.617213
5118,110,47.96600342,3946,5.1054215
5119,120,47.53875732,4065,5.0231085
5120,130,48.9440918,4088,5.2253413
5121,140,48.10791016,4031,5.296936
5122,150,47.89581299,3996,5.4646153
5123,160,48.61450195,4094,5.132251
5124,170,47.36785889,3986,4.9121375
5125,180,46.91467285,4039,4.7721324
5126,190,48.54888916,3992,4.47995
5127,200,48.03771973,3953,4.8015795
5128,210,47.57843018,4057,4.8508973
5129,220,48.9074707,4088,4.963522
5130,230,48.1552124,4029,4.6650844
5131,240,47.9095459,4002,4.7313814
5132,250,48.64501953,4096,6.743817
5133,260,47.45941162,3979,6.7077293
5134,270,46.9909668,4018,6.9858823
5135,280,48.59466553,3990,6.5507236
5136,290,48.01330566,3956,5.051367
5137,300,47.55401611,4051,5.02945
5138,310,48.9074707,4088,5.3087068
5139,320,48.20098877,4026,5.4698086
5140,330,47.93395996,3984,5.5333447
5141,340,48.62365723,4091,5.1090903
5142,350,47.34802246,3945,4.9364133
5143,360,46.92993164,4014,4.846617
5144,0,54.37774658,3726,8.146714
5145,10,55.03082275,3624,7.459084
5146,20,53.65600586,3629,7.386602
5147,30,53.08990479,3723,7.64637
5148,40,54.59289551,3759,7.9167185
5149,50,54.40216064,3702,7.5768876
5150,60,53.71551514,3712,7.6537943
5151,70,54.66003418,3819,7.7253313
5152,80,55.12695313,3692,6.920538
5153,90,54.30450439,3727,7.5320582
5154,100,54.9911499,3620,8.011722
5155,110,53.64074707,3623,7.4484224
5156,120,53.07006836,3728,7.7266665
5157,130,54.53033447,3762,7.7884893
5158,140,54.3548584,3703,8.12071
5159,150,53.70941162,3723,8.139246
5160,160,54.71038818,3812,7.73595
5161,170,55.20629883,3711,8.405872
5162,180,54.28619385,3727,8.201891
5163,190,54.94537354,3631,7.5002317
5164,200,53.67736816,3610,7.548235
5165,210,53.07312012,3725,7.749442
5166,220,54.50744629,3761,7.9807396
5167,230,54.39147949,3700,7.658394
5168,240,53.6605835,3727,7.579402
5169,250,54.70733643,3812,7.7124867
5170,260,55.30700684,3700,6.8179264
5171,270,54.36096191,3726,7.40727
5172,280,54.98352051,3634,7.953477
5173,290,53.69262695,3616,7.2228985
5174,300,53.09295654,3720,7.5337224
5175,310,54.5715332,3758,7.6872716
5176,320,54.4418335,3699,8.022425
5177,330,53.66668701,3714,7.9975333
5178,340,54.66003418,3819,7.6333323
5179,350,55.22460938,3681,8.33962
5180,360,54.37774658,3726,8.146714
5181,0,59.42687988,3240,16.444574
5182,10,60.08758545,3155,16.6515
5183,20,58.4564209,3187,17.741482
5184,30,58.48846436,3217,17.288136
5185,40,60.16998291,3197,17.793749
5186,50,59.43756104,3225,15.593604
5187,60,58.90960693,3232,14.264995
5188,70,60.43701172,3278,15.869556
5189,80,60.2935791,3163,14.036731
5190,90,59.33074951,3245,14.733657
5191,100,60.04333496,3153,14.302485
5192,110,58.44726563,3177,13.062771
5193,120,58.48999023,3215,13.239009
5194,130,60.10742188,3201,14.030628
5195,140,59.4329834,3222,13.932677
5196,150,58.91723633,3239,13.429736
5197,160,60.46905518,3277,12.600184
5198,170,60.32562256,3200,14.951027
5199,180,59.26818848,3247,16.328285
5200,190,59.9899292,3164,16.609049
5201,200,58.44116211,3171,17.683054
5202,210,58.46557617,3214,17.230055
5203,220,60.07232666,3204,17.67326
5204,230,59.44213867,3225,15.589739
5205,240,58.8470459,3251,13.768595
5206,250,60.44769287,3265,15.68106
5207,260,60.42938232,3187,13.685625
5208,270,59.36584473,3242,14.434609
5209,280,60.03112793,3165,14.039198
5210,290,58.45031738,3181,12.754834
5211,300,58.46405029,3216,13.011123
5212,310,60.13793945,3200,13.873848
5213,320,59.44824219,3228,13.807689
5214,330,58.8394165,3242,13.296321
5215,340,60.42175293,3264,12.5480585
5216,350,60.39581299,3150,14.921284
5217,360,59.42687988,3240,16.444574
5218,0,52.34222412,3770,8.540031
5219,10,52.69775391,3677,8.8863535
5220,20,52.05841064,3683,8.826737
5221,30,53.41033936,3676,8.836551
5222,40,55.49926758,3637,8.402656
5223,50,54.23278809,3712,7.927074
5224,60,52.22625732,3722,8.065769
5225,70,52.25067139,3742,8.774588
5226,80,52.73895264,3775,8.473488
5227,90,52.28118896,3771,7.260833
5228,100,52.734375,3674,6.4556885
5229,110,52.09503174,3668,7.028983
5230,120,53.43475342,3707,6.796737
5231,130,55.56030273,3638,6.6193943
5232,140,54.20227051,3712,6.6793947
5233,150,52.24914551,3714,6.6774096
5234,160,52.20489502,3737,6.4242463
5235,170,52.68707275,3780,7.2519174
5236,180,52.34985352,3778,8.553349
5237,190,52.86407471,3671,8.93789
5238,200,52.20336914,3679,8.77964
5239,210,53.46221924,3706,8.675731
5240,220,55.63354492,3631,8.277043
5241,230,54.2388916,3698,7.906158
5242,240,52.30712891,3707,8.068093
5243,250,52.22930908,3721,8.820372
5244,260,52.66418457,3778,8.535499
5245,270,52.41241455,3776,7.3211064
5246,280,52.82897949,3674,6.4144297
5247,290,52.16217041,3693,6.73465
5248,300,53.43933105,3675,6.57136
5249,310,55.57250977,3630,6.4515405
5250,320,54.26635742,3698,6.6233516
5251,330,52.28424072,3715,6.546411
5252,340,52.27813721,3724,6.4266777
5253,350,52.71606445,3773,7.0755033
5254,360,52.34222412,3770,8.540031
5255,0,55.68084717,3156,14.960749
5256,10,55.76171875,3153,13.44779
5257,20,55.43518066,3196,13.112746
5258,30,56.53839111,3249,13.016277
5259,40,58.29772949,3234,12.107676
5260,50,57.07550049,3285,12.237497
5261,60,55.55877686,3220,12.568366
5262,70,55.04760742,3277,14.115891
5263,80,55.68389893,3251,14.672671
5264,90,55.56030273,3161,14.96967
5265,100,55.76171875,3151,15.982753
5266,110,55.45196533,3181,16.599009
5267,120,56.55975342,3280,16.880997
5268,130,58.35876465,3231,12.267765
5269,140,57.08312988,3288,11.695386
5270,150,55.60150146,3208,11.661797
5271,160,54.97741699,3273,10.427056
5272,170,55.60455322,3252,13.362264
5273,180,55.66253662,3165,14.889454
5274,190,55.88226318,3147,13.388067
5275,200,55.52978516,3192,12.927016
5276,210,56.62078857,3277,12.702486
5277,220,58.40606689,3225,11.989196
5278,230,57.12890625,3271,12.369513
5279,240,55.62896729,3203,12.532018
5280,250,54.9911499,3265,14.159624
5281,260,55.6640625,3244,14.644939
5282,270,55.78460693,3159,14.872366
5283,280,55.88378906,3149,15.944851
5284,290,55.50994873,3206,16.473969
5285,300,56.60095215,3246,16.918493
5286,310,58.34503174,3228,12.206982
5287,320,57.11975098,3268,11.922123
5288,330,55.58624268,3215,11.777161
5289,340,55.06439209,3269,10.80604
5290,350,55.74188232,3243,13.260212
5291,360,55.68084717,3156,14.960749
5292,0,50.52032471,3008,15.096275
5293,10,51.33972168,2922,13.976424
5294,20,52.55584717,2924,14.042188
5295,30,54.25567627,3038,13.042692
5296,40,57.11669922,3032,13.859392
5297,50,56.45446777,3153,14.011965
5298,60,54.91333008,3052,11.988349
5299,70,53.09906006,2947,10.806756
5300,80,51.45111084,2989,11.154021
5301,90,50.45013428,3003,11.303297
5302,100,51.25427246,2918,15.551055
5303,110,52.52990723,2906,21.697609
5304,120,54.25415039,3047,21.70837
5305,130,57.13195801,3027,20.225739
5306,140,56.41326904,3150,17.646702
5307,150,54.86602783,3044,18.226294
5308,160,52.92358398,2941,18.156359
5309,170,51.31225586,2988,15.98065
5310,180,50.41809082,3009,15.269919
5311,190,51.33056641,2930,14.074277
5312,200,52.61077881,2917,14.238664
5313,210,54.31518555,3044,13.109154
5314,220,57.18231201,3022,13.993204
5315,230,56.42700195,3147,13.975074
5316,240,54.85687256,3037,12.088206
5317,250,52.82287598,2935,11.031922
5318,260,51.34887695,2982,11.403002
5319,270,50.48980713,3013,11.578896
5320,280,51.41601563,2934,15.866566
5321,290,52.63061523,2934,21.108341
5322,300,54.3182373,3035,21.856796
5323,310,57.1685791,3027,20.05264
5324,320,56.4666748,3150,17.65752
5325,330,54.9041748,3045,18.112606
5326,340,53.00140381,2941,18.194387
5327,350,51.48773193,2983,16.15817
5328,360,50.52032471,3008,15.096275
5329,0,36.02752686,2790,5.128695
5330,10,34.75189209,2863,4.6563067
5331,20,33.13751221,2898,2.1414957
5332,30,33.03070068,2924,2.2718284
5333,40,35.18066406,2969,2.9777792
5334,50,37.85400391,2942,4.149476
5335,60,37.59002686,2946,4.417187
5336,70,38.83361816,2940,5.5460477
5337,80,38.44299316,2794,6.176359
5338,90,35.94207764,2791,5.9682
5339,100,34.73358154,2859,5.5103607
5340,110,33.16040039,2899,5.101069
5341,120,33.05358887,2925,4.9831266
5342,130,35.22338867,2964,4.735292
5343,140,37.87841797,2939,4.069382
5344,150,37.62664795,2942,5.5459976
5345,160,38.80462646,2929,5.583496
5346,170,38.43383789,2791,4.846145
5347,180,35.97106934,2790,5.30745
5348,190,34.79766846,2857,4.861919
5349,200,33.23669434,2898,1.8977396
5350,210,33.08563232,2931,2.04344
5351,220,35.28289795,2969,3.0351043
5352,230,37.91046143,2962,4.252483
5353,240,37.7822876,2943,4.4558077
5354,250,38.91143799,2925,5.5180483
5355,260,38.54217529,2787,5.9397106
5356,270,36.05651855,2789,5.9100947
5357,280,34.81750488,2861,5.371109
5358,290,33.21228027,2897,4.8635745
5359,300,33.06274414,2930,4.671183
5360,310,35.23864746,2974,4.4421616
5361,320,37.88452148,2965,3.8609767
5362,330,37.7456665,2949,5.305423
5363,340,38.94195557,2936,5.4820237
5364,350,38.55438232,2790,4.651979
5365,360,36.02752686,2790,5.128695
5366,0,32.18383789,2167,8.418213
5367,10,30.71136475,2196,7.506622
5368,20,30.55267334,2184,7.7672677
5369,30,32.35168457,2290,7.91003
5370,40,34.17663574,2304,7.928741
5371,50,36.90338135,2425,9.70407
5372,60,37.26959229,2523,9.964761
5373,70,37.83111572,2460,10.134958
5374,80,36.21673584,2216,10.277796
5375,90,32.15026855,2165,8.009447
5376,100,30.62438965,2185,8.426052
5377,110,30.519104,2182,11.776821
5378,120,32.33795166,2290,14.88029
5379,130,34.21478271,2301,14.609886
5380,140,36.90338135,2427,13.570043
5381,150,37.20855713,2524,12.772901
5382,160,37.78533936,2449,12.446916
5383,170,36.23962402,2213,8.407628
5384,180,32.2555542,2161,8.607112
5385,190,30.74188232,2181,7.5744634
5386,200,30.59539795,2178,7.8124433
5387,210,32.38830566,2292,7.9856224
5388,220,34.29718018,2300,8.041635
5389,230,36.89117432,2426,9.708878
5390,240,37.22229004,2527,10.2178955
5391,250,37.91503906,2447,10.51415
5392,260,36.40899658,2199,10.249943
5393,270,32.28912354,2163,8.414664
5394,280,30.8303833,2192,9.047116
5395,290,30.63049316,2179,12.293026
5396,300,32.40356445,2292,15.106756
5397,310,34.25750732,2303,14.801042
5398,320,36.88964844,2424,13.802538
5399,330,37.28485107,2526,12.9372835
5400,340,37.95928955,2458,12.536634
5401,350,36.38763428,2202,8.150621
5402,360,32.18383789,2167,8.418213
5403,0,33.39385986,2075,8.239231
5404,10,31.91833496,2102,7.3848104
5405,20,31.76574707,2090,7.637742
5406,30,33.5647583,2196,7.8190002
5407,40,35.26763916,2257,7.9154177
5408,50,37.62054443,2341,9.9728775
5409,60,38.07373047,2433,10.150202
5410,70,38.69934082,2365,10.544468
5411,80,37.3260498,2165,10.937456
5412,90,33.36029053,2073,8.2338
5413,100,31.83135986,2091,8.700619
5414,110,31.73217773,2088,12.2741
5415,120,33.55102539,2196,15.733263
5416,130,35.30578613,2254,15.196445
5417,140,37.62054443,2343,14.067124
5418,150,38.05084229,2436,12.486778
5419,160,38.66577148,2353,12.025996
5420,170,37.31384277,2167,8.117187
5421,180,33.46557617,2069,8.429233
5422,190,31.94885254,2087,7.435021
5423,200,31.80847168,2084,7.6755915
5424,210,33.60137939,2198,7.8902183
5425,220,35.35308838,2257,8.032168
5426,230,37.62054443,2339,9.983791
5427,240,38.10882568,2438,10.393295
5428,250,38.80157471,2350,10.943243
5429,260,37.48321533,2153,10.913101
5430,270,33.49914551,2071,8.698858
5431,280,32.03735352,2098,9.386143
5432,290,31.84356689,2085,12.863955
5433,300,33.61663818,2198,16.031754
5434,310,35.31341553,2260,15.460888
5435,320,37.61901855,2337,14.344662
5436,330,38.13323975,2433,12.693605
5437,340,38.83209229,2362,12.144864
5438,350,37.49694824,2151,7.9051795
5439,360,33.39385986,2075,8.239231
5440,0,28.51104736,2372,2.2121193
5441,10,26.65863037,2275,2.1447988
5442,20,26.05743408,2251,2.3000448
5443,30,26.98364258,2289,2.138278
5444,40,30.01708984,2317,3.7171311
5445,50,33.37097168,2314,9.022971
5446,60,33.60137939,2455,9.132562
5447,70,32.98339844,2474,9.300391
5448,80,31.3369751,2455,8.540792
5449,90,28.52783203,2373,9.56345
5450,100,26.65710449,2280,9.587543
5451,110,26.07269287,2266,9.653899
5452,120,27.02026367,2297,9.5881195
5453,130,30.06286621,2317,8.750745
5454,140,33.31604004,2313,8.072721
5455,150,33.51593018,2454,6.021998
5456,160,33.04901123,2478,4.184744
5457,170,31.42852783,2453,4.397783
5458,180,28.65142822,2373,1.930306
5459,190,26.75170898,2278,1.8571236
5460,200,26.15661621,2265,2.010351
5461,210,27.0980835,2297,1.8540349
5462,220,30.12084961,2319,3.4296973
5463,230,33.3770752,2314,9.142752
5464,240,33.55255127,2455,9.228622
5465,250,33.12072754,2481,9.402837
5466,260,31.4163208,2450,8.63959
5467,270,28.63464355,2372,9.80445
5468,280,26.75170898,2273,9.855368
5469,290,26.1428833,2250,9.957099
5470,300,27.0614624,2289,9.875701
5471,310,30.07507324,2319,9.014847
5472,320,33.43048096,2315,8.39354
5473,330,33.63800049,2456,6.4098287
5474,340,33.0581665,2478,3.9930627
5475,350,31.32019043,2451,4.2618656
5476,360,28.51104736,2372,2.2121193
5477,0,32.37762451,2096,5.512618
5478,10,30.35888672,2093,9.060717
5479,20,29.81414795,2085,14.791102
5480,30,30.54656982,2102,17.005013
5481,40,33.36334229,2113,14.126463
5482,50,36.55700684,2100,13.4298935
5483,60,36.87133789,2173,10.078976
5484,70,37.34283447,2141,9.325562
5485,80,35.98632813,2126,8.595164
5486,90,32.30438232,2101,9.339108
5487,100,30.30548096,2096,9.33954
5488,110,29.76837158,2089,9.346863
5489,120,30.51452637,2105,9.413832
5490,130,33.36181641,2112,8.439871
5491,140,36.48376465,2102,7.6561527
5492,150,36.73553467,2177,4.6443005
5493,160,37.33825684,2146,2.3454924
5494,170,36.05651855,2126,3.42321
5495,180,32.42797852,2101,5.405324
5496,190,30.40008545,2094,8.229817
5497,200,29.85229492,2088,12.838871
5498,210,30.59234619,2105,15.984676
5499,220,33.4197998,2114,13.184713
5500,230,36.54632568,2103,13.124603
5501,240,36.77215576,2179,10.308139
5502,250,37.4206543,2148,9.716337
5503,260,36.12365723,2122,8.842944
5504,270,32.5012207,2096,9.672895
5505,280,30.45196533,2091,9.720452
5506,290,29.89807129,2084,9.731304
5507,300,30.62438965,2102,9.791527
5508,310,33.42132568,2115,8.829202
5509,320,36.61804199,2101,8.011291
5510,330,36.90795898,2175,5.0590715
5511,340,37.42828369,2143,1.5567213
5512,350,36.05499268,2122,3.0017958
5513,360,32.37762451,2096,5.512618
5514,0,33.48999023,2044,20.438581
5515,10,31.26525879,2022,23.123993
5516,20,30.6640625,1995,24.525604
5517,30,31.55517578,2035,23.841423
5518,40,34.60693359,2065,20.893513
5519,50,37.97912598,2062,20.016548
5520,60,38.05847168,2180,16.591343
5521,70,37.96081543,2167,13.858216
5522,80,37.13684082,2157,8.35235
5523,90,33.45031738,2049,9.077382
5524,100,31.26373291,2027,9.099547
5525,110,30.67626953,2010,9.1203985
5526,120,31.56433105,2043,9.133934
5527,130,34.63134766,2065,8.370097
5528,140,37.92419434,2061,7.851189
5529,150,37.93792725,2182,7.0221963
5530,160,37.93640137,2167,13.679778
5531,170,37.14752197,2163,17.622923
5532,180,33.57391357,2049,20.19561
5533,190,31.3583374,2025,22.87769
5534,200,30.76019287,2009,24.206568
5535,210,31.64215088,2043,23.606953
5536,220,34.68933105,2067,20.709301
5537,230,37.98675537,2062,19.907103
5538,240,37.94250488,2182,16.475721
5539,250,37.97454834,2171,14.114864
5540,260,37.1963501,2159,8.606514
5541,270,33.61358643,2044,9.433026
5542,280,31.3583374,2020,9.507635
5543,290,30.74798584,1994,9.510814
5544,300,31.63299561,2035,9.522323
5545,310,34.66491699,2067,8.719334
5546,320,38.04016113,2063,8.292469
5547,330,38.06304932,2180,7.412459
5548,340,38.00201416,2171,13.45152
5549,350,37.18414307,2153,17.55329
5550,360,33.48999023,2044,20.438581
5551,0,49.00512695,4277,5.223909
5552,10,49.0020752,4273,5.0626225
5553,20,47.10083008,4293,4.9597564
5554,30,47.02606201,4185,5.3697495
5555,40,47.47772217,4094,5.914927
5556,50,47.94769287,4121,5.9482784
5557,60,48.69384766,4202,5.42045
5558,70,48.91204834,4311,4.2552485
5559,80,48.7411499,4290,3.8651516
5560,90,48.97460938,4256,4.472101
5561,100,48.9440918,4258,4.7915716
5562,110,47.13134766,4298,4.582387
5563,120,46.97875977,4203,4.7176757
5564,130,47.40447998,4099,4.692357
5565,140,47.98736572,4109,4.8130417
5566,150,48.64959717,4193,4.9578056
5567,160,48.77929688,4307,4.582178
5568,170,48.65875244,4289,4.8087583
5569,180,48.94561768,4286,5.2575307
5570,190,48.90899658,4257,5.0776305
5571,200,47.13897705,4295,4.9133444
5572,210,46.98638916,4194,5.4110746
5573,220,47.28546143,4094,5.848429
5574,230,47.87445068,4104,5.925583
5575,240,48.45733643,4169,5.404613
5576,250,48.77471924,4305,4.329105
5577,260,48.6328125,4291,4.088527
5578,270,48.97613525,4307,4.5619316
5579,280,48.96697998,4272,4.891997
5580,290,47.11151123,4291,4.5574517
5581,300,47.03369141,4176,4.7300987
5582,310,47.36022949,4089,4.7849846
5583,320,47.8302002,4118,4.822201
5584,330,48.50158691,4178,4.9608912
5585,340,48.91967773,4307,4.5308986
5586,350,48.71673584,4293,4.8264246
5587,360,49.00512695,4277,5.223909
5588,0,51.77459717,3873,7.756986
5589,10,52.15606689,3824,7.6287417
5590,20,49.60632324,3930,7.2426753
5591,30,49.07684326,3932,7.8635015
5592,40,50.07019043,3837,8.352209
5593,50,50.61645508,3877,8.631662
5594,60,51.38397217,3982,8.251882
5595,70,52.17590332,4036,8.625113
5596,80,52.3147583,3880,7.349127
5597,90,51.69067383,3873,6.8850684
5598,100,52.06451416,3815,6.0500603
5599,110,49.63684082,3934,5.313211
5600,120,49.02801514,3944,5.1601343
5601,130,49.98016357,3836,4.9938207
5602,140,50.68054199,3863,4.8603525
5603,150,51.37023926,3973,5.827127
5604,160,52.06298828,4031,6.340468
5605,170,52.25372314,3879,7.2211356
5606,180,51.6998291,3898,7.7117243
5607,190,52.03857422,3814,7.6222715
5608,200,49.63684082,3932,7.1814346
5609,210,48.99597168,3948,7.869845
5610,220,49.8626709,3831,8.287576
5611,230,50.55999756,3859,8.650537
5612,240,51.20697021,3942,8.243654
5613,250,52.09197998,4025,8.778081
5614,260,52.2277832,3895,7.397001
5615,270,51.78222656,3898,6.9937415
5616,280,52.12860107,3823,6.223949
5617,290,49.60632324,3929,5.3986616
5618,300,49.0447998,3936,5.3515277
5619,310,49.95422363,3832,5.2697845
5620,320,50.49285889,3875,4.9867644
5621,330,51.22070313,3951,5.973283
5622,340,52.21405029,4030,6.396865
5623,350,52.29034424,3897,7.307659
5624,360,51.77459717,3873,7.756986
5625,0,58.7600708,3373,13.301747
5626,10,58.56018066,3326,12.4904375
5627,20,57.51037598,3333,11.874481
5628,30,55.63659668,3386,11.808291
5629,40,56.3369751,3337,12.853622
5630,50,56.53076172,3401,13.129036
5631,60,57.18688965,3466,12.586113
5632,70,57.89489746,3481,13.725257
5633,80,58.56323242,3396,13.945323
5634,90,58.73413086,3371,15.25283
5635,100,58.52508545,3312,12.850147
5636,110,57.56225586,3347,12.687796
5637,120,55.60760498,3396,12.948129
5638,130,56.31256104,3336,12.310272
5639,140,56.63146973,3382,9.123711
5640,150,57.24334717,3460,10.396657
5641,160,57.86590576,3478,11.026869
5642,170,58.57543945,3385,12.527236
5643,180,58.76312256,3378,13.223756
5644,190,58.53118896,3300,12.509147
5645,200,57.59887695,3354,11.676436
5646,210,55.56793213,3400,11.653875
5647,220,56.17218018,3335,12.625749
5648,230,56.53381348,3375,13.075814
5649,240,57.04040527,3429,12.428823
5650,250,57.88421631,3474,13.809162
5651,260,58.53424072,3396,13.888603
5652,270,58.78753662,3380,15.193851
5653,280,58.56781006,3312,13.024511
5654,290,57.54699707,3340,12.616978
5655,300,55.59692383,3390,12.845115
5656,310,56.19659424,3336,12.365514
5657,320,56.43157959,3396,9.287512
5658,330,56.98394775,3435,10.503632
5659,340,57.91473389,3476,11.005819
5660,350,58.52661133,3410,12.40786
5661,360,58.7600708,3373,13.301747
5662,0,46.63543701,4062,4.741958
5663,10,48.26660156,4040,4.6186604
5664,20,47.64862061,3996,4.9022326
5665,30,47.21832275,4106,4.9571757
5666,40,48.65112305,4133,5.0840864
5667,50,47.85614014,4074,4.7619543
5668,60,47.6272583,4027,4.8623977
5669,70,48.29559326,4137,5.895971
5670,80,46.9619751,3999,5.5766954
5671,90,46.56066895,4083,5.8204327
5672,100,48.2131958,4041,5.444232
5673,110,47.66998291,3993,4.278312
5674,120,47.24273682,4112,4.3285313
5675,130,48.65112305,4134,4.724097
5676,140,47.81188965,4077,4.901701
5677,150,47.60284424,4043,5.075236
5678,160,48.32000732,4142,4.915988
5679,170,47.0703125,4034,4.786579
5680,180,46.62017822,4087,4.674716
5681,190,48.25592041,4040,4.452075
5682,200,47.74169922,4000,4.7366853
5683,210,47.28240967,4104,4.7739854
5684,220,48.61450195,4134,4.872543
5685,230,47.85919189,4075,4.5767407
5686,240,47.61657715,4049,4.631496
5687,250,48.3505249,4144,5.7739778
5688,260,47.16186523,4027,5.4732203
5689,270,46.69647217,4066,5.67496
5690,280,48.30169678,4038,5.3082128
5691,290,47.71728516,4003,4.167053
5692,300,47.25799561,4098,4.235637
5693,310,48.61450195,4134,4.7443852
5694,320,47.90496826,4072,5.02273
5695,330,47.64099121,4031,5.0875983
5696,340,48.3291626,4139,4.856133
5697,350,47.05047607,3993,4.7936807
5698,360,46.63543701,4062,4.741958
5699,0,54.08325195,3774,7.9942446
5700,10,54.737854,3672,7.3268466
5701,20,53.45153809,3672,7.244957
5702,30,53.06091309,3745,7.5868993
5703,40,54.59289551,3759,7.9167185
5704,50,54.40216064,3702,7.5768876
5705,60,53.67431641,3737,7.5000324
5706,70,54.42504883,3865,7.4983096
5707,80,54.83093262,3740,6.707094
5708,90,54.01000977,3775,7.240357
5709,100,54.69818115,3668,7.681654
5710,110,53.41491699,3668,7.4039674
5711,120,53.02276611,3755,7.714478
5712,130,54.53033447,3762,7.7884893
5713,140,54.3548584,3703,8.12071
5714,150,53.64837646,3752,8.147119
5715,160,54.45404053,3860,7.7392507
5716,170,54.91027832,3759,8.231679
5717,180,53.99169922,3775,8.055378
5718,190,54.65240479,3679,7.376223
5719,200,53.45153809,3655,7.4141955
5720,210,53.02581787,3752,7.682243
5721,220,54.50744629,3761,7.9807396
5722,230,54.39147949,3700,7.658394
5723,240,53.59954834,3756,7.424146
5724,250,54.45098877,3860,7.498057
5725,260,55.01098633,3748,6.6255994
5726,270,54.06646729,3774,7.149285
5727,280,54.69055176,3682,7.6426244
5728,290,53.48815918,3659,7.194057
5729,300,53.06396484,3742,7.529368
5730,310,54.5715332,3758,7.6872716
5731,320,54.4418335,3699,8.022425
5732,330,53.62548828,3739,7.9998736
5733,340,54.42504883,3865,7.645188
5734,350,54.92858887,3729,8.14637
5735,360,54.08325195,3774,7.9942446
5736,0,59.13238525,3288,15.556795
5737,10,59.7946167,3203,16.463112
5738,20,58.25195313,3230,17.608908
5739,30,58.45947266,3239,17.184288
5740,40,60.16998291,3197,17.793749
5741,50,59.43756104,3225,15.593604
5742,60,58.8684082,3257,14.104796
5743,70,60.20202637,3324,14.960623
5744,80,59.99755859,3211,13.217191
5745,90,59.03625488,3293,13.862037
5746,100,59.75036621,3201,13.39901
5747,110,58.22143555,3222,13.057898
5748,120,58.44268799,3242,13.242325
5749,130,60.10742188,3201,14.030628
5750,140,59.4329834,3222,13.932677
5751,150,58.85620117,3268,13.443004
5752,160,60.21270752,3325,12.651023
5753,170,60.02960205,3248,14.389012
5754,180,58.97369385,3295,15.404511
5755,190,59.69696045,3212,16.416214
5756,200,58.21533203,3216,17.5496
5757,210,58.41827393,3241,17.12573
5758,220,60.07232666,3204,17.67326
5759,230,59.44213867,3225,15.589739
5760,240,58.78601074,3280,13.544863
5761,250,60.19134521,3313,14.775053
5762,260,60.13336182,3235,12.923509
5763,270,59.0713501,3290,13.626102
5764,280,59.73815918,3213,13.214839
5765,290,58.24584961,3224,12.754464
5766,300,58.43505859,3238,13.0114155
5767,310,60.13793945,3200,13.873848
5768,320,59.44824219,3228,13.807689
5769,330,58.79821777,3267,13.3045225
5770,340,60.18676758,3310,12.59885
5771,350,60.09979248,3198,14.379244
5772,360,59.13238525,3288,15.556795
5773,0,50.34790039,4018,8.527275
5774,10,50.53253174,3932,7.939369
5775,20,49.88555908,3939,7.825513
5776,30,51.15966797,3965,7.520517
5777,40,53.24554443,3933,7.044879
5778,50,52.01416016,3989,6.4747047
5779,60,50.05340576,3977,6.484015
5780,70,50.12664795,4009,6.682271
5781,80,50.85601807,4055,5.864063
5782,90,50.28686523,4019,5.067705
5783,100,50.56915283,3929,4.95308
5784,110,49.92218018,3924,5.92041
5785,120,51.18408203,3996,5.769995
5786,130,53.27301025,3936,6.0966835
5787,140,51.96075439,3992,6.4246974
5788,150,50.07324219,3976,6.5770555
5789,160,50.04730225,4013,6.3733826
5790,170,50.74157715,4065,7.177253
5791,180,50.30975342,4048,8.544194
5792,190,50.69885254,3926,8.008395
5793,200,50.03051758,3935,7.8471975
5794,210,51.18560791,3998,7.464102
5795,220,53.31420898,3931,6.9806256
5796,230,51.99737549,3978,6.4898324
5797,240,50.13122559,3969,6.5130234
5798,250,50.07171631,3997,6.721
5799,260,50.72021484,4063,5.908915
5800,270,50.37231445,4046,5.1246696
5801,280,50.66375732,3929,4.9831576
5802,290,49.98931885,3949,5.6561456
5803,300,51.16271973,3967,5.5839357
5804,310,53.28674316,3928,5.9451942
5805,320,52.04772949,3975,6.405678
5806,330,50.11138916,3970,6.4659257
5807,340,50.15411377,3991,6.388733
5808,350,50.831604,4053,6.97155
5809,360,50.34790039,4018,8.527275
5810,0,55.2154541,3216,14.795891
5811,10,55.29785156,3213,13.153678
5812,20,54.96520996,3256,12.783533
5813,30,56.07452393,3308,12.342205
5814,40,57.8338623,3292,10.396652
5815,50,56.60552979,3343,10.680856
5816,60,55.09338379,3279,10.955431
5817,70,54.57763672,3337,11.840705
5818,80,55.2154541,3313,11.8733
5819,90,55.09490967,3221,12.190635
5820,100,55.29785156,3211,13.334207
5821,110,54.98199463,3241,14.474475
5822,120,56.09588623,3339,14.929095
5823,130,57.89489746,3289,12.211674
5824,140,56.61315918,3346,11.662247
5825,150,55.1361084,3267,11.639549
5826,160,54.50744629,3333,10.436941
5827,170,55.1361084,3314,13.324667
5828,180,55.19714355,3225,14.7277155
5829,190,55.418396,3207,13.089876
5830,200,55.05981445,3252,12.609132
5831,210,56.15692139,3336,12.046343
5832,220,57.94219971,3283,10.336038
5833,230,56.65893555,3329,10.798822
5834,240,55.16357422,3262,10.989859
5835,250,54.5211792,3325,11.951739
5836,260,55.19561768,3306,11.987213
5837,270,55.31921387,3219,12.254707
5838,280,55.41992188,3209,13.462165
5839,290,55.03997803,3266,14.423756
5840,300,56.13708496,3305,15.053234
5841,310,57.88116455,3286,12.182556
5842,320,56.64978027,3326,11.889767
5843,330,55.12084961,3274,11.765813
5844,340,54.59442139,3329,10.817401
5845,350,55.2734375,3305,13.2241
5846,360,55.2154541,3216,14.795891
5847,0,50.52032471,3008,15.096275
5848,10,51.33972168,2922,13.976424
5849,20,52.55584717,2924,14.042188
5850,30,54.25567627,3038,13.042692
5851,40,57.11669922,3032,13.859392
5852,50,56.45446777,3153,14.011965
5853,60,54.91333008,3052,11.988349
5854,70,52.86560059,2994,10.663971
5855,80,51.45111084,2989,11.154021
5856,90,50.45013428,3003,11.303297
5857,100,51.25427246,2918,15.551055
5858,110,52.52990723,2906,21.697609
5859,120,54.25415039,3047,21.70837
5860,130,57.13195801,3027,20.225739
5861,140,56.41326904,3150,17.646702
5862,150,54.86602783,3044,18.226294
5863,160,52.71148682,2987,17.613434
5864,170,51.31225586,2988,15.98065
5865,180,50.41809082,3009,15.269919
5866,190,51.33056641,2930,14.074277
5867,200,52.61077881,2917,14.238664
5868,210,54.31518555,3044,13.109154
5869,220,57.18231201,3022,13.993204
5870,230,56.42700195,3147,13.975074
5871,240,54.85687256,3037,12.088206
5872,250,52.62908936,2978,10.885095
5873,260,51.34887695,2982,11.403002
5874,270,50.48980713,3013,11.578896
5875,280,51.41601563,2934,15.866566
5876,290,52.63061523,2934,21.108341
5877,300,54.3182373,3035,21.856796
5878,310,57.1685791,3027,20.05264
5879,320,56.4666748,3150,17.65752
5880,330,54.9041748,3045,18.112606
5881,340,52.78778076,2985,17.65458
5882,350,51.48773193,2983,16.15817
5883,360,50.52032471,3008,15.096275
5884,0,35.11810303,2878,4.771352
5885,10,34.56878662,2916,4.3692
5886,20,33.13751221,2898,2.1414957
5887,30,33.03070068,2924,2.2718284
5888,40,35.18066406,2969,2.9777792
5889,50,37.85400391,2942,4.149476
5890,60,37.26806641,3002,4.460266
5891,70,38.63372803,2995,5.3343735
5892,80,37.50762939,2886,5.5346913
5893,90,35.03265381,2879,5.1295066
5894,100,34.55047607,2912,5.366115
5895,110,33.16040039,2899,5.101069
5896,120,33.05358887,2925,4.9831266
5897,130,35.22338867,2964,4.735292
5898,140,37.87841797,2939,4.069382
5899,150,37.27874756,2999,3.9271264
5900,160,38.60473633,2984,5.2620363
5901,170,37.49847412,2883,4.5282545
5902,180,35.01739502,2880,4.8680143
5903,190,34.57489014,2913,4.5017815
5904,200,33.23669434,2898,1.8977396
5905,210,33.08563232,2931,2.04344
5906,220,35.28289795,2969,3.0351043
5907,230,37.91046143,2962,4.252483
5908,240,37.45880127,2998,4.4964676
5909,250,38.67034912,2983,5.3250318
5910,260,37.56256104,2880,5.37528
5911,270,35.10284424,2879,5.1533136
5912,280,34.59472656,2917,5.2344174
5913,290,33.21228027,2897,4.8635745
5914,300,33.06274414,2930,4.671183
5915,310,35.23864746,2974,4.4421616
5916,320,37.88452148,2965,3.8609767
5917,330,37.44659424,3003,3.5781958
5918,340,38.7008667,2994,5.1917534
5919,350,37.57476807,2883,4.391756
5920,360,35.11810303,2878,4.771352
5921,0,32.18383789,2167,8.418213
5922,10,30.71136475,2196,7.506622
5923,20,30.55267334,2184,7.7672677
5924,30,32.35168457,2290,7.91003
5925,40,34.17663574,2304,7.928741
5926,50,36.90338135,2425,9.70407
5927,60,37.25891113,2534,9.96944
5928,70,37.83111572,2460,10.134958
5929,80,36.21673584,2216,10.277796
5930,90,32.15026855,2165,8.009447
5931,100,30.62438965,2185,8.426052
5932,110,30.519104,2182,11.776821
5933,120,32.33795166,2290,14.88029
5934,130,34.21478271,2301,14.609886
5935,140,36.90338135,2427,13.570043
5936,150,37.19482422,2536,12.775303
5937,160,37.78533936,2449,12.446916
5938,170,36.23962402,2213,8.407628
5939,180,32.2555542,2161,8.607112
5940,190,30.74188232,2181,7.5744634
5941,200,30.59539795,2178,7.8124433
5942,210,32.38830566,2292,7.9856224
5943,220,34.29718018,2300,8.041635
5944,230,36.89117432,2426,9.708878
5945,240,37.21618652,2534,10.21119
5946,250,37.91503906,2447,10.51415
5947,260,36.40899658,2199,10.249943
5948,270,32.28912354,2163,8.414664
5949,280,30.8303833,2192,9.047116
5950,290,30.63049316,2179,12.293026
5951,300,32.40356445,2292,15.106756
5952,310,34.25750732,2303,14.801042
5953,320,36.88964844,2424,13.802538
5954,330,37.28027344,2532,12.934776
5955,340,37.95928955,2458,12.536634
5956,350,36.38763428,2202,8.150621
5957,360,32.18383789,2167,8.418213
5958,0,33.39385986,2075,8.239231
5959,10,31.91833496,2102,7.3848104
5960,20,31.76574707,2090,7.637742
5961,30,33.5647583,2196,7.8190002
5962,40,35.26763916,2257,7.9154177
5963,50,37.62054443,2341,9.9728775
5964,60,38.07373047,2433,10.150202
5965,70,38.69934082,2365,10.544468
5966,80,37.3260498,2165,10.937456
5967,90,33.36029053,2073,8.2338
5968,100,31.83135986,2091,8.700619
5969,110,31.73217773,2088,12.2741
5970,120,33.55102539,2196,15.733263
5971,130,35.30578613,2254,15.196445
5972,140,37.62054443,2343,14.067124
5973,150,38.05084229,2436,12.486778
5974,160,38.66577148,2353,12.025996
5975,170,37.31384277,2167,8.117187
5976,180,33.46557617,2069,8.429233
5977,190,31.94885254,2087,7.435021
5978,200,31.80847168,2084,7.6755915
5979,210,33.60137939,2198,7.8902183
5980,220,35.35308838,2257,8.032168
5981,230,37.62054443,2339,9.983791
5982,240,38.10882568,2438,10.393295
5983,250,38.80157471,2350,10.943243
5984,260,37.48321533,2153,10.913101
5985,270,33.49914551,2071,8.698858
5986,280,32.03735352,2098,9.386143
5987,290,31.84356689,2085,12.863955
5988,300,33.61663818,2198,16.031754
5989,310,35.31341553,2260,15.460888
5990,320,37.61901855,2337,14.344662
5991,330,38.13323975,2433,12.693605
5992,340,38.83209229,2362,12.144864
5993,350,37.49694824,2151,7.9051795
5994,360,33.39385986,2075,8.239231
5995,0,28.51104736,2372,2.2121193
5996,10,26.65863037,2275,2.1447988
5997,20,26.05743408,2251,2.3000448
5998,30,26.98364258,2289,2.138278
5999,40,30.01708984,2317,3.7171311
6000,50,33.37097168,2314,9.022971
6001,60,33.60137939,2455,9.132562
6002,70,32.98339844,2474,9.300391
6003,80,31.3369751,2455,8.540792
6004,90,28.52783203,2373,9.56345
6005,100,26.65710449,2280,9.587543
6006,110,26.07269287,2266,9.653899
6007,120,27.02026367,2297,9.5881195
6008,130,30.06286621,2317,8.750745
6009,140,33.31604004,2313,8.072721
6010,150,33.51593018,2454,6.021998
6011,160,33.04901123,2478,4.184744
6012,170,31.42852783,2453,4.397783
6013,180,28.65142822,2373,1.930306
6014,190,26.75170898,2278,1.8571236
6015,200,26.15661621,2265,2.010351
6016,210,27.0980835,2297,1.8540349
6017,220,30.12084961,2319,3.4296973
6018,230,33.3770752,2314,9.142752
6019,240,33.55255127,2455,9.228622
6020,250,33.12072754,2481,9.402837
6021,260,31.4163208,2450,8.63959
6022,270,28.63464355,2372,9.80445
6023,280,26.75170898,2273,9.855368
6024,290,26.1428833,2250,9.957099
6025,300,27.0614624,2289,9.875701
6026,310,30.07507324,2319,9.014847
6027,320,33.43048096,2315,8.39354
6028,330,33.63800049,2456,6.4098287
6029,340,33.0581665,2478,3.9930627
6030,350,31.32019043,2451,4.2618656
6031,360,28.51104736,2372,2.2121193
6032,0,32.37762451,2096,5.512618
6033,10,30.35888672,2093,9.060717
6034,20,29.81414795,2085,14.791102
6035,30,30.54656982,2102,17.005013
6036,40,33.36334229,2113,14.126463
6037,50,36.55700684,2100,13.4298935
6038,60,36.87133789,2173,10.078976
6039,70,37.34283447,2141,9.325562
6040,80,35.98632813,2126,8.595164
6041,90,32.30438232,2101,9.339108
6042,100,30.30548096,2096,9.33954
6043,110,29.76837158,2089,9.346863
6044,120,30.51452637,2105,9.413832
6045,130,33.36181641,2112,8.439871
6046,140,36.48376465,2102,7.6561527
6047,150,36.73553467,2177,4.6443005
6048,160,37.33825684,2146,2.3454924
6049,170,36.05651855,2126,3.42321
6050,180,32.42797852,2101,5.405324
6051,190,30.40008545,2094,8.229817
6052,200,29.85229492,2088,12.838871
6053,210,30.59234619,2105,15.984676
6054,220,33.4197998,2114,13.184713
6055,230,36.54632568,2103,13.124603
6056,240,36.77215576,2179,10.308139
6057,250,37.4206543,2148,9.716337
6058,260,36.12365723,2122,8.842944
6059,270,32.5012207,2096,9.672895
6060,280,30.45196533,2091,9.720452
6061,290,29.89807129,2084,9.731304
6062,300,30.62438965,2102,9.791527
6063,310,33.42132568,2115,8.829202
6064,320,36.61804199,2101,8.011291
6065,330,36.90795898,2175,5.0590715
6066,340,37.42828369,2143,1.5567213
6067,350,36.05499268,2122,3.0017958
6068,360,32.37762451,2096,5.512618
6069,0,33.48999023,2044,20.438581
6070,10,31.26525879,2022,23.123993
6071,20,30.6640625,1995,24.525604
6072,30,31.55517578,2035,23.841423
6073,40,34.60693359,2065,20.893513
6074,50,37.97912598,2062,20.016548
6075,60,38.05847168,2180,16.591343
6076,70,37.96081543,2167,13.858216
6077,80,37.13684082,2157,8.35235
6078,90,33.45031738,2049,9.077382
6079,100,31.26373291,2027,9.099547
6080,110,30.67626953,2010,9.1203985
6081,120,31.56433105,2043,9.133934
6082,130,34.63134766,2065,8.370097
6083,140,37.92419434,2061,7.851189
6084,150,37.93792725,2182,7.0221963
6085,160,37.93640137,2167,13.679778
6086,170,37.14752197,2163,17.622923
6087,180,33.57391357,2049,20.19561
6088,190,31.3583374,2025,22.87769
6089,200,30.76019287,2009,24.206568
6090,210,31.64215088,2043,23.606953
6091,220,34.68933105,2067,20.709301
6092,230,37.98675537,2062,19.907103
6093,240,37.94250488,2182,16.475721
6094,250,37.97454834,2171,14.114864
6095,260,37.1963501,2159,8.606514
6096,270,33.61358643,2044,9.433026
6097,280,31.3583374,2020,9.507635
6098,290,30.74798584,1994,9.510814
6099,300,31.63299561,2035,9.522323
6100,310,34.66491699,2067,8.719334
6101,320,38.04016113,2063,8.292469
6102,330,38.06304932,2180,7.412459
6103,340,38.00201416,2171,13.45152
6104,350,37.18414307,2153,17.55329
6105,360,33.48999023,2044,20.438581
6106,0,47.93548584,4477,4.346913
6107,10,47.93395996,4482,4.4090757
6108,20,46.03118896,4498,4.6475544
6109,30,45.96099854,4384,5.05323
6110,40,46.29516602,4320,5.458809
6111,50,46.75140381,4349,5.3407207
6112,60,47.63336182,4403,4.9169016
6113,70,47.85003662,4515,3.676016
6114,80,47.67608643,4496,3.2707684
6115,90,47.90496826,4456,3.4636438
6116,100,47.87597656,4467,3.472986
6117,110,46.06170654,4503,3.031918
6118,120,45.91369629,4402,3.0396607
6119,130,46.22192383,4325,3.0466037
6120,140,46.80786133,4336,3.0988455
6121,150,47.58911133,4394,3.2053049
6122,160,47.71728516,4511,3.219633
6123,170,47.59368896,4495,3.8032212
6124,180,47.87597656,4486,4.404028
6125,190,47.84088135,4466,4.447837
6126,200,46.06933594,4500,4.577238
6127,210,45.92132568,4393,5.0538955
6128,220,46.1227417,4317,5.392321
6129,230,46.69494629,4331,5.3207517
6130,240,47.39685059,4370,4.843913
6131,250,47.71270752,4509,3.702878
6132,260,47.56774902,4497,3.4260142
6133,270,47.90649414,4507,3.5354936
6134,280,47.89886475,4481,3.5438633
6135,290,46.04187012,4496,2.994668
6136,300,45.96862793,4375,3.0327368
6137,310,46.19750977,4312,3.097271
6138,320,46.63391113,4346,3.0821903
6139,330,47.44110107,4379,3.209033
6140,340,47.85766602,4511,3.1639056
6141,350,47.65167236,4499,3.8214505
6142,360,47.93548584,4477,4.346913
6143,0,50.81329346,3989,6.6145616
6144,10,51.19628906,3941,6.4260764
6145,20,48.64349365,4049,5.874768
6146,30,47.97210693,4091,6.4802876
6147,40,48.51989746,4061,6.5861044
6148,50,49.22027588,4081,6.611908
6149,60,50.35247803,4134,6.3075075
6150,70,51.222229,4154,6.795505
6151,80,51.35650635,3999,5.8459244
6152,90,50.72937012,3989,5.40263
6153,100,51.10473633,3932,5.3270907
6154,110,48.67401123,4053,4.8831663
6155,120,47.92327881,4103,4.6132545
6156,130,48.42987061,4060,4.3633385
6157,140,49.28436279,4064,4.338094
6158,150,50.3616333,4119,5.215953
6159,160,51.10931396,4149,5.5481086
6160,170,51.29547119,3998,6.237054
6161,180,50.73852539,4014,6.6296177
6162,190,51.07727051,3932,6.468355
6163,200,48.67401123,4051,5.91115
6164,210,47.91259766,4114,6.5331864
6165,220,48.3291626,4050,6.6337185
6166,230,49.16381836,4060,6.7270308
6167,240,50.19836426,4088,6.404547
6168,250,51.13830566,4143,6.9893723
6169,260,51.26953125,4014,5.8618774
6170,270,50.82092285,4014,5.5332856
6171,280,51.16882324,3940,5.491882
6172,290,48.64349365,4048,4.966173
6173,300,47.96142578,4102,4.7589874
6174,310,48.42071533,4051,4.564409
6175,320,49.09667969,4079,4.4047284
6176,330,50.18920898,4103,5.3059764
6177,340,51.26037598,4148,5.5658426
6178,350,51.33209229,4016,6.274107
6179,360,50.81329346,3989,6.6145616
6180,0,58.53881836,3413,12.758422
6181,10,58.33740234,3366,12.10971
6182,20,57.29370117,3373,11.658799
6183,30,55.41992188,3427,11.731736
6184,40,55.95397949,3410,12.752203
6185,50,56.28509521,3459,13.142021
6186,60,56.96716309,3507,12.60235
6187,70,57.57751465,3556,13.490967
6188,80,58.34350586,3438,13.675731
6189,90,58.51287842,3411,14.646847
6190,100,58.30230713,3352,12.14724
6191,110,57.34558105,3387,11.911112
6192,120,55.39093018,3437,12.056564
6193,130,55.92956543,3409,10.314622
6194,140,56.37207031,3443,8.467232
6195,150,57.02362061,3501,9.694895
6196,160,57.56835938,3551,10.402436
6197,170,58.35571289,3427,11.889476
6198,180,58.54187012,3418,12.679474
6199,190,58.30841064,3340,12.133536
6200,200,57.38220215,3394,11.471646
6201,210,55.34515381,3452,11.592992
6202,220,55.78918457,3408,12.530143
6203,230,56.27441406,3436,13.090454
6204,240,56.82067871,3470,12.4482155
6205,250,57.58666992,3546,13.581069
6206,260,58.31451416,3438,13.603432
6207,270,58.56628418,3420,14.58981
6208,280,58.34503174,3352,12.308822
6209,290,57.33032227,3380,11.841476
6210,300,55.37414551,3442,11.8271055
6211,310,55.81359863,3409,10.35199
6212,320,56.18591309,3454,8.59742
6213,330,56.76422119,3476,9.767525
6214,340,57.59735107,3550,10.36986
6215,350,58.30688477,3452,11.77302
6216,360,58.53881836,3413,12.758422
6217,0,45.21179199,4276,4.5193152
6218,10,46.67663574,4263,4.0525603
6219,20,46.64001465,4154,4.2216196
6220,30,46.45843506,4213,4.250386
6221,40,47.88665771,4237,4.2658753
6222,50,47.09777832,4177,3.895423
6223,60,46.87042236,4133,4.0286427
6224,70,47.53723145,4246,4.64318
6225,80,46.15325928,4139,4.3202066
6226,90,45.16296387,4295,4.0025926
6227,100,46.62322998,4264,3.9271867
6228,110,46.6293335,4153,3.938787
6229,120,46.48284912,4219,4.1512265
6230,130,47.88665771,4238,4.524938
6231,140,47.05352783,4180,4.6150494
6232,150,46.8460083,4149,4.845223
6233,160,47.56164551,4251,4.733398
6234,170,46.23718262,4177,4.66641
6235,180,45.1965332,4299,4.435208
6236,190,46.64001465,4264,3.972278
6237,200,46.7010498,4160,4.1434817
6238,210,46.52252197,4211,4.1582756
6239,220,47.85003662,4238,4.1727123
6240,230,47.10083008,4178,3.8285544
6241,240,46.85974121,4155,3.9203703
6242,250,47.59216309,4253,4.630261
6243,260,46.32873535,4170,4.299739
6244,270,45.24688721,4280,4.058161
6245,280,46.68579102,4262,3.979371
6246,290,46.7086792,4161,3.9144368
6247,300,46.49810791,4205,4.0668244
6248,310,47.85003662,4238,4.5570426
6249,320,47.14660645,4175,4.7212644
6250,330,46.88415527,4137,4.843373
6251,340,47.57080078,4248,4.660947
6252,350,46.24176025,4133,4.6569967
6253,360,45.21179199,4276,4.5193152
6254,0,54.08325195,3774,7.9942446
6255,10,54.737854,3672,7.3268466
6256,20,53.45153809,3672,7.244957
6257,30,53.06091309,3745,7.5868993
6258,40,54.59289551,3759,7.9167185
6259,50,54.40216064,3702,7.5768876
6260,60,53.67431641,3737,7.5000324
6261,70,54.42504883,3865,7.4983096
6262,80,54.83093262,3740,6.707094
6263,90,54.01000977,3775,7.240357
6264,100,54.69818115,3668,7.681654
6265,110,53.41491699,3668,7.4039674
6266,120,53.02276611,3755,7.714478
6267,130,54.53033447,3762,7.7884893
6268,140,54.3548584,3703,8.12071
6269,150,53.64837646,3752,8.147119
6270,160,54.45404053,3860,7.7392507
6271,170,54.91027832,3759,8.231679
6272,180,53.99169922,3775,8.055378
6273,190,54.65240479,3679,7.376223
6274,200,53.45153809,3655,7.4141955
6275,210,53.02581787,3752,7.682243
6276,220,54.50744629,3761,7.9807396
6277,230,54.39147949,3700,7.658394
6278,240,53.59954834,3756,7.424146
6279,250,54.45098877,3860,7.498057
6280,260,55.01098633,3748,6.6255994
6281,270,54.06646729,3774,7.149285
6282,280,54.69055176,3682,7.6426244
6283,290,53.48815918,3659,7.194057
6284,300,53.06396484,3742,7.529368
6285,310,54.5715332,3758,7.6872716
6286,320,54.4418335,3699,8.022425
6287,330,53.62548828,3739,7.9998736
6288,340,54.42504883,3865,7.645188
6289,350,54.92858887,3729,8.14637
6290,360,54.08325195,3774,7.9942446
6291,0,58.83789063,3336,14.063891
6292,10,59.49859619,3251,14.56467
6293,20,57.96051025,3278,15.790489
6294,30,58.15887451,3286,15.620845
6295,40,59.87701416,3242,16.361746
6296,50,59.14764404,3271,14.566711
6297,60,58.56781006,3304,13.739249
6298,70,59.90600586,3371,14.623877
6299,80,59.63592529,3287,13.011151
6300,90,58.74176025,3341,13.555796
6301,100,59.4543457,3249,13.048501
6302,110,57.92999268,3270,12.545702
6303,120,58.14208984,3289,12.7211
6304,130,59.81445313,3246,13.374282
6305,140,59.14306641,3268,13.204599
6306,150,58.55560303,3315,12.702521
6307,160,59.91668701,3372,11.866497
6308,170,59.65881348,3326,13.268084
6309,180,58.67919922,3343,13.947231
6310,190,59.40093994,3260,14.516378
6311,200,57.92388916,3264,15.717314
6312,210,58.11767578,3288,15.559419
6313,220,59.77935791,3249,16.24967
6314,230,59.15222168,3271,14.560886
6315,240,58.4854126,3327,13.196668
6316,250,59.89532471,3360,14.447277
6317,260,59.7442627,3316,12.756473
6318,270,58.77685547,3338,13.352457
6319,280,59.44213867,3261,12.879361
6320,290,57.95440674,3272,12.27403
6321,300,58.13446045,3285,12.526282
6322,310,59.8449707,3245,13.239091
6323,320,59.1583252,3274,13.101776
6324,330,58.49761963,3314,12.579373
6325,340,59.89074707,3357,11.828202
6326,350,59.72137451,3277,13.266301
6327,360,58.83789063,3336,14.063891
6328,0,50.01525879,4074,7.752691
6329,10,49.98931885,3997,7.029464
6330,20,49.31182861,4005,6.8364725
6331,30,50.58746338,4029,6.767098
6332,40,52.60772705,4024,6.5842476
6333,50,51.45263672,4052,6.527827
6334,60,49.69787598,4035,6.5287485
6335,70,49.9206543,4058,6.7077203
6336,80,50.66680908,4101,5.885441
6337,90,49.98626709,4073,5.0949407
6338,100,50.04882813,3993,4.711283
6339,110,49.34844971,3990,4.9027133
6340,120,50.61187744,4060,4.660709
6341,130,52.64282227,4025,4.88023
6342,140,51.39923096,4055,5.0481877
6343,150,49.7177124,4034,5.0613723
6344,160,49.84130859,4062,4.9915257
6345,170,50.55236816,4111,6.549269
6346,180,50.00915527,4102,7.749732
6347,190,50.17852783,3990,7.0976753
6348,200,49.45678711,4001,6.790247
6349,210,50.61340332,4062,6.65981
6350,220,52.66723633,4023,6.4532275
6351,230,51.42974854,4041,6.5444794
6352,240,49.74212646,4029,6.5602617
6353,250,49.8336792,4048,6.756311
6354,260,50.4989624,4112,5.933514
6355,270,50.03967285,4102,5.155206
6356,280,50.12054443,3994,4.742541
6357,290,49.41558838,4015,4.8021665
6358,300,50.59051514,4031,4.593187
6359,310,52.63061523,4022,4.876553
6360,320,51.48010254,4038,5.1294794
6361,330,49.72229004,4030,5.106437
6362,340,49.91607666,4042,5.134882
6363,350,50.61035156,4102,6.357451
6364,360,50.01525879,4074,7.752691
6365,0,54.8828125,3272,14.738988
6366,10,54.75463867,3278,13.120823
6367,20,54.39147949,3322,12.762645
6368,30,55.50231934,3372,12.303722
6369,40,57.26470947,3355,10.412185
6370,50,56.04400635,3406,10.777317
6371,60,54.737854,3337,11.028964
6372,70,54.37164307,3386,11.884747
6373,80,55.02624512,3359,11.915359
6374,90,54.79431152,3275,12.260326
6375,100,54.77752686,3275,12.388724
6376,110,54.40826416,3307,13.106424
6377,120,55.52368164,3403,13.591299
6378,130,57.32574463,3352,11.095997
6379,140,56.05163574,3409,11.003011
6380,150,54.78057861,3325,11.210367
6381,160,54.30145264,3382,10.208207
6382,170,54.94689941,3360,13.216804
6383,180,54.89654541,3279,14.659284
6384,190,54.89807129,3271,13.0468235
6385,200,54.48608398,3318,12.5608835
6386,210,55.5847168,3400,12.009654
6387,220,57.37304688,3346,10.337181
6388,230,56.09130859,3392,10.891496
6389,240,54.7744751,3322,11.063825
6390,250,54.28314209,3376,12.00403
6391,260,54.97436523,3355,12.034924
6392,270,54.98657227,3275,12.325677
6393,280,54.87670898,3274,12.494823
6394,290,54.46624756,3332,13.231395
6395,300,55.56488037,3369,13.777984
6396,310,57.31201172,3349,11.19699
6397,320,56.08215332,3389,11.253615
6398,330,54.73175049,3334,11.28579
6399,340,54.35638428,3380,10.607155
6400,350,55.05218506,3354,13.120297
6401,360,54.8828125,3272,14.738988
6402,0,50.18768311,3064,15.086213
6403,10,50.79650879,2987,14.02148
6404,20,51.9821167,2990,14.083622
6405,30,53.68347168,3102,13.032469
6406,40,56.54754639,3095,13.876855
6407,50,55.89294434,3216,14.142554
6408,60,54.55780029,3110,12.062099
6409,70,52.65960693,3043,10.702513
6410,80,51.26190186,3035,11.195063
6411,90,50.14953613,3057,11.3752575
6412,100,50.73394775,2982,12.552019
6413,110,51.95617676,2972,14.417448
6414,120,53.6819458,3111,14.706187
6415,130,56.56280518,3090,14.051028
6416,140,55.85174561,3213,12.430359
6417,150,54.51049805,3102,16.700266
6418,160,52.50549316,3036,17.33404
6419,170,51.12304688,3034,15.884859
6420,180,50.11749268,3063,15.263227
6421,190,50.8102417,2994,14.110953
6422,200,52.03704834,2983,14.24145
6423,210,53.74298096,3108,13.099308
6424,220,56.61315918,3085,13.979018
6425,230,55.859375,3210,14.105311
6426,240,54.46777344,3097,12.166929
6427,250,52.39105225,3029,10.926009
6428,260,51.12762451,3031,11.449162
6429,270,50.15716553,3069,11.651758
6430,280,50.87280273,2999,12.776147
6431,290,52.05688477,3000,14.738148
6432,300,53.74603271,3099,15.031905
6433,310,56.59942627,3090,14.211388
6434,320,55.89904785,3213,12.552915
6435,330,54.51507568,3105,16.32583
6436,340,52.54974365,3036,17.396938
6437,350,51.26647949,3032,16.065035
6438,360,50.18768311,3064,15.086213
6439,0,34.31549072,2958,3.9584928
6440,10,34.10339355,2985,3.8039572
6441,20,32.86132813,2955,1.8974514
6442,30,32.77587891,2980,1.9616593
6443,40,34.78393555,3033,2.3913999
6444,50,37.15057373,3020,3.453769
6445,60,36.34338379,3080,3.4306102
6446,70,37.70599365,3077,4.393157
6447,80,36.57989502,2966,4.871911
6448,90,34.19799805,2959,5.254651
6449,100,34.0423584,2983,5.44927
6450,110,32.84301758,2960,5.138851
6451,120,32.75909424,2984,5.0172896
6452,130,34.78393555,3029,4.776527
6453,140,37.13684082,3018,4.106227
6454,150,36.35406494,3077,3.904946
6455,160,37.67700195,3066,4.103
6456,170,36.57073975,2963,3.2799377
6457,180,34.18273926,2960,4.0107718
6458,190,34.06677246,2984,3.7921476
6459,200,32.91931152,2959,1.6157659
6460,210,32.7911377,2990,1.7173835
6461,220,34.84344482,3034,2.4316328
6462,230,37.16888428,3041,3.5326679
6463,240,36.53411865,3076,3.5717273
6464,250,37.74261475,3065,4.4900813
6465,260,36.63482666,2960,4.866595
6466,270,34.30023193,2959,5.2684755
6467,280,34.1293335,2986,5.3008513
6468,290,32.93609619,2954,4.897283
6469,300,32.80792236,2986,4.697829
6470,310,34.84191895,3038,4.477121
6471,320,37.18109131,3043,3.8916347
6472,330,36.52191162,3081,3.5411475
6473,340,37.77313232,3076,3.9454787
6474,350,36.64703369,2963,3.3205078
6475,360,34.31549072,2958,3.9584928
6476,0,32.18383789,2167,8.418213
6477,10,30.71136475,2196,7.506622
6478,20,30.55267334,2184,7.7672677
6479,30,32.35168457,2290,7.91003
6480,40,34.17663574,2304,7.928741
6481,50,36.90338135,2425,9.70407
6482,60,37.25891113,2534,9.96944
6483,70,37.83111572,2460,10.134958
6484,80,36.21673584,2216,10.277796
6485,90,32.15026855,2165,8.009447
6486,100,30.62438965,2185,8.426052
6487,110,30.519104,2182,11.776821
6488,120,32.33795166,2290,14.88029
6489,130,34.21478271,2301,14.609886
6490,140,36.90338135,2427,13.570043
6491,150,37.19482422,2536,12.775303
6492,160,37.78533936,2449,12.446916
6493,170,36.23962402,2213,8.407628
6494,180,32.2555542,2161,8.607112
6495,190,30.74188232,2181,7.5744634
6496,200,30.59539795,2178,7.8124433
6497,210,32.38830566,2292,7.9856224
6498,220,34.29718018,2300,8.041635
6499,230,36.89117432,2426,9.708878
6500,240,37.21618652,2534,10.21119
6501,250,37.91503906,2447,10.51415
6502,260,36.40899658,2199,10.249943
6503,270,32.28912354,2163,8.414664
6504,280,30.8303833,2192,9.047116
6505,290,30.63049316,2179,12.293026
6506,300,32.40356445,2292,15.106756
6507,310,34.25750732,2303,14.801042
6508,320,36.88964844,2424,13.802538
6509,330,37.28027344,2532,12.934776
6510,340,37.95928955,2458,12.536634
6511,350,36.38763428,2202,8.150621
6512,360,32.18383789,2167,8.418213
6513,0,33.39385986,2075,8.239231
6514,10,31.91833496,2102,7.3848104
6515,20,31.76574707,2090,7.637742
6516,30,33.5647583,2196,7.8190002
6517,40,35.26763916,2257,7.9154177
6518,50,37.62054443,2341,9.9728775
6519,60,38.07373047,2433,10.150202
6520,70,38.69934082,2365,10.544468
6521,80,37.3260498,2165,10.937456
6522,90,33.36029053,2073,8.2338
6523,100,31.83135986,2091,8.700619
6524,110,31.73217773,2088,12.2741
6525,120,33.55102539,2196,15.733263
6526,130,35.30578613,2254,15.196445
6527,140,37.62054443,2343,14.067124
6528,150,38.05084229,2436,12.486778
6529,160,38.66577148,2353,12.025996
6530,170,37.31384277,2167,8.117187
6531,180,33.46557617,2069,8.429233
6532,190,31.94885254,2087,7.435021
6533,200,31.80847168,2084,7.6755915
6534,210,33.60137939,2198,7.8902183
6535,220,35.35308838,2257,8.032168
6536,230,37.62054443,2339,9.983791
6537,240,38.10882568,2438,10.393295
6538,250,38.80157471,2350,10.943243
6539,260,37.48321533,2153,10.913101
6540,270,33.49914551,2071,8.698858
6541,280,32.03735352,2098,9.386143
6542,290,31.84356689,2085,12.863955
6543,300,33.61663818,2198,16.031754
6544,310,35.31341553,2260,15.460888
6545,320,37.61901855,2337,14.344662
6546,330,38.13323975,2433,12.693605
6547,340,38.83209229,2362,12.144864
6548,350,37.49694824,2151,7.9051795
6549,360,33.39385986,2075,8.239231
6550,0,28.51104736,2372,2.2121193
6551,10,26.65863037,2275,2.1447988
6552,20,26.05743408,2251,2.3000448
6553,30,26.98364258,2289,2.138278
6554,40,30.01708984,2317,3.7171311
6555,50,33.37097168,2314,9.022971
6556,60,33.60137939,2455,9.132562
6557,70,32.98339844,2474,9.300391
6558,80,31.3369751,2455,8.540792
6559,90,28.52783203,2373,9.56345
6560,100,26.65710449,2280,9.587543
6561,110,26.07269287,2266,9.653899
6562,120,27.02026367,2297,9.5881195
6563,130,30.06286621,2317,8.750745
6564,140,33.31604004,2313,8.072721
6565,150,33.51593018,2454,6.021998
6566,160,33.04901123,2478,4.184744
6567,170,31.42852783,2453,4.397783
6568,180,28.65142822,2373,1.930306
6569,190,26.75170898,2278,1.8571236
6570,200,26.15661621,2265,2.010351
6571,210,27.0980835,2297,1.8540349
6572,220,30.12084961,2319,3.4296973
6573,230,33.3770752,2314,9.142752
6574,240,33.55255127,2455,9.228622
6575,250,33.12072754,2481,9.402837
6576,260,31.4163208,2450,8.63959
6577,270,28.63464355,2372,9.80445
6578,280,26.75170898,2273,9.855368
6579,290,26.1428833,2250,9.957099
6580,300,27.0614624,2289,9.875701
6581,310,30.07507324,2319,9.014847
6582,320,33.43048096,2315,8.39354
6583,330,33.63800049,2456,6.4098287
6584,340,33.0581665,2478,3.9930627
6585,350,31.32019043,2451,4.2618656
6586,360,28.51104736,2372,2.2121193
6587,0,32.37762451,2096,5.512618
6588,10,30.35888672,2093,9.060717
6589,20,29.81414795,2085,14.791102
6590,30,30.54656982,2102,17.005013
6591,40,33.36334229,2113,14.126463
6592,50,36.55700684,2100,13.4298935
6593,60,36.87133789,2173,10.078976
6594,70,37.34283447,2141,9.325562
6595,80,35.98632813,2126,8.595164
6596,90,32.30438232,2101,9.339108
6597,100,30.30548096,2096,9.33954
6598,110,29.76837158,2089,9.346863
6599,120,30.51452637,2105,9.413832
6600,130,33.36181641,2112,8.439871
6601,140,36.48376465,2102,7.6561527
6602,150,36.73553467,2177,4.6443005
6603,160,37.33825684,2146,2.3454924
6604,170,36.05651855,2126,3.42321
6605,180,32.42797852,2101,5.405324
6606,190,30.40008545,2094,8.229817
6607,200,29.85229492,2088,12.838871
6608,210,30.59234619,2105,15.984676
6609,220,33.4197998,2114,13.184713
6610,230,36.54632568,2103,13.124603
6611,240,36.77215576,2179,10.308139
6612,250,37.4206543,2148,9.716337
6613,260,36.12365723,2122,8.842944
6614,270,32.5012207,2096,9.672895
6615,280,30.45196533,2091,9.720452
6616,290,29.89807129,2084,9.731304
6617,300,30.62438965,2102,9.791527
6618,310,33.42132568,2115,8.829202
6619,320,36.61804199,2101,8.011291
6620,330,36.90795898,2175,5.0590715
6621,340,37.42828369,2143,1.5567213
6622,350,36.05499268,2122,3.0017958
6623,360,32.37762451,2096,5.512618
6624,0,33.48999023,2044,20.438581
6625,10,31.26525879,2022,23.123993
6626,20,30.6640625,1995,24.525604
6627,30,31.55517578,2035,23.841423
6628,40,34.60693359,2065,20.893513
6629,50,37.97912598,2062,20.016548
6630,60,38.05847168,2180,16.591343
6631,70,37.96081543,2167,13.858216
6632,80,37.13684082,2157,8.35235
6633,90,33.45031738,2049,9.077382
6634,100,31.26373291,2027,9.099547
6635,110,30.67626953,2010,9.1203985
6636,120,31.56433105,2043,9.133934
6637,130,34.63134766,2065,8.370097
6638,140,37.92419434,2061,7.851189
6639,150,37.93792725,2182,7.0221963
6640,160,37.93640137,2167,13.679778
6641,170,37.14752197,2163,17.622923
6642,180,33.57391357,2049,20.19561
6643,190,31.3583374,2025,22.87769
6644,200,30.76019287,2009,24.206568
6645,210,31.64215088,2043,23.606953
6646,220,34.68933105,2067,20.709301
6647,230,37.98675537,2062,19.907103
6648,240,37.94250488,2182,16.475721
6649,250,37.97454834,2171,14.114864
6650,260,37.1963501,2159,8.606514
6651,270,33.61358643,2044,9.433026
6652,280,31.3583374,2020,9.507635
6653,290,30.74798584,1994,9.510814
6654,300,31.63299561,2035,9.522323
6655,310,34.66491699,2067,8.719334
6656,320,38.04016113,2063,8.292469
6657,330,38.06304932,2180,7.412459
6658,340,38.00201416,2171,13.45152
6659,350,37.18414307,2153,17.55329
6660,360,33.48999023,2044,20.438581
